obs,best_rg,all_identical_rg,r,scale,runner_up,r2,margin
obs-en-01-01.jpg,01_Ge_01_02_RG.jpg,01_Ge_01_02_RG.jpg,0.89,0.9,12_2Ki_24_05_RG.jpg,0.461,0.428
obs-en-01-02.jpg,01_Ge_01_03_RG.jpg,01_Ge_01_03_RG.jpg,0.979,1,02_Ex_00_07_RG.jpg,0.854,0.124
obs-en-01-03.jpg,01_Ge_01_04_RG.jpg,01_Ge_01_04_RG.jpg,0.976,1,01_Ge_45_09_RG.jpg,0.761,0.215
obs-en-01-04.jpg,01_Ge_01_05_RG.jpg,01_Ge_01_05_RG.jpg,0.924,1,40_Mt_26_13_RG.jpg,0.715,0.209
obs-en-01-05.jpg,01_Ge_01_06_RG.jpg,01_Ge_01_06_RG.jpg 01_Ge_08_15_RG.jpg 01_Ge_09_06_RG.jpg,0.867,1,17_Es_09_03_RG.jpg,0.523,0.344
obs-en-01-06.jpg,01_Ge_01_07_RG.jpg,01_Ge_01_07_RG.jpg,0.857,1,01_Ge_27_07_RG.jpg,0.613,0.244
obs-en-01-07.jpg,01_Ge_12_01_RG.jpg,01_Ge_12_01_RG.jpg,0.803,0.7,01_Ge_01_04_RG.jpg,0.786,0.017
obs-en-01-08.jpg,01_Ge_01_09_RG.jpg,01_Ge_01_09_RG.jpg,0.925,1,07_Ju_06_01_RG.jpg,0.647,0.278
obs-en-01-09.jpg,01_Ge_01_13_RG.jpg,01_Ge_01_13_RG.jpg 01_Ge_02_02_RG.jpg,0.712,1,17_Es_07_03_RG.jpg,0.478,0.234
obs-en-01-10.jpg,01_Ge_01_08_RG.jpg,01_Ge_01_08_RG.jpg 01_Ge_01_15_RG.jpg,0.888,1,04_Nu_21_02_RG.jpg,0.552,0.336
obs-en-01-11.jpg,01_Ge_02_04_RG.jpg,01_Ge_02_04_RG.jpg,0.887,1,02_Ex_09_12_RG.jpg,0.461,0.426
obs-en-01-12.jpg,01_Ge_02_07_RG.jpg,01_Ge_02_07_RG.jpg,0.87,1,40_Mt_26_35_RG.jpg,0.566,0.304
obs-en-01-13.jpg,01_Ge_02_09_RG.jpg,01_Ge_02_09_RG.jpg,0.877,1,02_Ex_25_02_RG.jpg,0.614,0.263
obs-en-01-14.jpg,01_Ge_02_10_RG.jpg,01_Ge_02_10_RG.jpg,0.94,1,01_Ge_32_01_RG.jpg,0.706,0.235
obs-en-01-15.jpg,01_Ge_02_11_RG.jpg,01_Ge_02_11_RG.jpg 01_Ge_09_07_RG.jpg,0.935,1,01_Ge_33_02_RG.jpg,0.715,0.22
obs-en-01-16.jpg,01_Ge_02_12_RG.jpg,01_Ge_02_12_RG.jpg,0.892,1,01_Ge_01_03_RG.jpg,0.783,0.11
obs-en-02-01.jpg,01_Ge_02_12_RG.jpg,01_Ge_02_12_RG.jpg,0.892,1,01_Ge_01_03_RG.jpg,0.783,0.11
obs-en-02-02.jpg,01_Ge_03_01_RG.jpg,01_Ge_03_01_RG.jpg,0.899,1,12_2Ki_02_08_RG.jpg,0.476,0.423
obs-en-02-03.jpg,01_Ge_03_02_RG.jpg,01_Ge_03_02_RG.jpg,0.881,0.9,42_Lk_01_05_RG.jpg,0.556,0.325
obs-en-02-04.jpg,01_Ge_03_03_RG.jpg,01_Ge_03_03_RG.jpg,0.916,1,40_Mt_26_39_RG.jpg,0.58,0.336
obs-en-02-05.jpg,01_Ge_03_04_RG.jpg,01_Ge_03_04_RG.jpg,0.879,1,17_Es_01_05_RG.jpg,0.56,0.32
obs-en-02-06.jpg,01_Ge_03_05_RG.jpg,01_Ge_03_05_RG.jpg,0.866,1,02_Ex_01_15_RG.jpg,0.523,0.342
obs-en-02-07.jpg,01_Ge_03_06_RG.jpg,01_Ge_03_06_RG.jpg,0.849,0.9,08_Ru_04_04_RG.jpg,0.737,0.112
obs-en-02-08.jpg,01_Ge_03_07_RG.jpg,01_Ge_03_07_RG.jpg,0.902,1,42_Lk_18_18_RG.jpg,0.479,0.423
obs-en-02-09.jpg,01_Ge_03_08_RG.jpg,01_Ge_03_08_RG.jpg,0.952,1,02_Ex_01_04_RG.jpg,0.595,0.357
obs-en-02-10.jpg,01_Ge_03_09_RG.jpg,01_Ge_03_09_RG.jpg,0.951,1,12_2Ki_02_03_RG.jpg,0.714,0.237
obs-en-02-11.jpg,01_Ge_03_10_RG.jpg,01_Ge_03_10_RG.jpg,0.936,1,07_Ju_14_02_RG.jpg,0.745,0.191
obs-en-02-12.jpg,01_Ge_03_11_RG.jpg,01_Ge_03_11_RG.jpg,0.858,1,40_Mt_26_11_RG.jpg,0.644,0.214
obs-en-03-01.jpg,01_Ge_06_04_RG.jpg,01_Ge_06_04_RG.jpg,0.811,1,01_Ge_27_12_RG.jpg,0.429,0.382
obs-en-03-02.jpg,01_Ge_06_07_RG.jpg,01_Ge_06_07_RG.jpg 01_Ge_08_01_RG.jpg,0.954,1,42_Lk_07_15_RG.jpg,0.778,0.176
obs-en-03-03.jpg,01_Ge_06_08_RG.jpg,01_Ge_06_08_RG.jpg,0.804,1,18_Jb_01_05_RG.jpg,0.514,0.29
obs-en-03-04.jpg,01_Ge_06_09_RG.jpg,01_Ge_06_09_RG.jpg,0.872,1,01_Ge_01_03_RG.jpg,0.735,0.137
obs-en-03-05.jpg,01_Ge_06_11_RG.jpg,01_Ge_06_11_RG.jpg,0.821,1,19_Ps_23_02_RG.jpg,0.409,0.411
obs-en-03-06.jpg,01_Ge_06_10_RG.jpg,01_Ge_06_10_RG.jpg 01_Ge_07_02_RG.jpg,0.804,1,01_Ge_01_07_RG.jpg,0.585,0.219
obs-en-03-07.jpg,01_Ge_06_12_RG.jpg,01_Ge_06_12_RG.jpg 01_Ge_07_05_RG.jpg,0.747,1,44_Ac_17_14_RG.jpg,0.501,0.246
obs-en-03-08.jpg,01_Ge_07_08_RG.jpg,01_Ge_07_08_RG.jpg 01_Ge_08_02_RG.jpg,0.851,0.9,02_Ex_10_08_RG.jpg,0.568,0.283
obs-en-03-09.jpg,01_Ge_08_04_RG.jpg,01_Ge_08_04_RG.jpg,0.917,1,42_Lk_04_18_RG.jpg,0.564,0.353
obs-en-03-10.jpg,01_Ge_08_05_RG.jpg,01_Ge_08_05_RG.jpg,0.854,1,44_Ac_04_12_RG.jpg,0.494,0.36
obs-en-03-11.jpg,01_Ge_08_10_RG.jpg,01_Ge_08_10_RG.jpg,0.854,1,40_Mt_13_18_RG.jpg,0.569,0.285
obs-en-03-12.jpg,01_Ge_08_11_RG.jpg,01_Ge_08_11_RG.jpg,0.933,1,07_Ju_04_05_RG.jpg,0.587,0.345
obs-en-03-13.jpg,01_Ge_08_12_RG.jpg,01_Ge_08_12_RG.jpg,0.911,1,01_Ge_46_01_RG.jpg,0.655,0.256
obs-en-03-14.jpg,01_Ge_08_13_RG.jpg,01_Ge_08_13_RG.jpg,0.949,1,42_Lk_07_15_RG.jpg,0.652,0.296
obs-en-03-15.jpg,01_Ge_08_14_RG.jpg,01_Ge_08_14_RG.jpg,0.911,1,08_Ru_04_04_RG.jpg,0.55,0.361
obs-en-03-16.jpg,01_Ge_09_04_RG.jpg,01_Ge_09_04_RG.jpg,0.93,1,11_1Ki_02_02_RG.jpg,0.673,0.257
obs-en-04-01.jpg,01_Ge_06_05_RG.jpg,01_Ge_06_05_RG.jpg 01_Ge_09_02_RG.jpg,0.861,0.9,19_Ps_23_02_RG.jpg,0.492,0.368
obs-en-04-02.jpg,01_Ge_11_03_RG.jpg,01_Ge_11_03_RG.jpg,0.95,0.9,09_1Sa_23_04_RG.jpg,0.697,0.253
obs-en-04-03.jpg,01_Ge_11_06_RG.jpg,01_Ge_11_06_RG.jpg,0.836,1,01_Ge_01_04_RG.jpg,0.771,0.065
obs-en-04-04.jpg,01_Ge_12_02_RG.jpg,01_Ge_12_02_RG.jpg,0.907,1,42_Lk_07_15_RG.jpg,0.626,0.281
obs-en-04-05.jpg,01_Ge_12_03_RG.jpg,01_Ge_12_03_RG.jpg,0.875,1,01_Ge_01_01_RG.jpg,0.538,0.337
obs-en-04-06.jpg,01_Ge_12_04_RG.jpg,01_Ge_12_04_RG.jpg,0.963,1,02_Ex_19_06_RG.jpg,0.718,0.244
obs-en-04-07.jpg,02_Ex_28_06_RG.jpg,02_Ex_28_06_RG.jpg,0.77,0.8,01_Ge_32_06_RG.jpg,0.749,0.021
obs-en-04-08.jpg,01_Ge_15_03_RG.jpg,01_Ge_15_03_RG.jpg,0.86,0.9,40_Mt_08_11_RG.jpg,0.421,0.439
obs-en-04-09.jpg,01_Ge_12_05_RG.jpg,01_Ge_12_05_RG.jpg 01_Ge_18_08_RG.jpg,0.84,0.9,02_Ex_08_03_RG.jpg,0.612,0.228
obs-en-05-01.jpg,01_Ge_16_01_RG.jpg,01_Ge_16_01_RG.jpg,0.755,1,01_Ge_41_16_RG.jpg,0.534,0.221
obs-en-05-02.jpg,01_Ge_16_02_RG.jpg,01_Ge_16_02_RG.jpg,0.849,1,01_Ge_23_01_RG.jpg,0.576,0.273
obs-en-05-03.jpg,01_Ge_15_04_RG.jpg,01_Ge_15_04_RG.jpg,0.864,1,42_Lk_07_15_RG.jpg,0.724,0.141
obs-en-05-04.jpg,01_Ge_17_01_RG.jpg,01_Ge_17_01_RG.jpg,0.919,1,18_Jb_02_01_RG.jpg,0.754,0.165
obs-en-05-05.jpg,01_Ge_21_02_RG.jpg,01_Ge_21_02_RG.jpg,0.82,1,44_Ac_01_09_RG.jpg,0.511,0.309
obs-en-05-06.jpg,01_Ge_22_01_RG.jpg,01_Ge_22_01_RG.jpg,0.921,1,06_Jo_07_02_RG.jpg,0.673,0.248
obs-en-05-07.jpg,01_Ge_22_05_RG.jpg,01_Ge_22_05_RG.jpg,0.859,1,40_Mt_13_16_RG.jpg,0.553,0.305
obs-en-05-08.jpg,01_Ge_22_07_RG.jpg,01_Ge_22_07_RG.jpg,0.94,1,11_1Ki_21_02_RG.jpg,0.678,0.262
obs-en-05-09.jpg,01_Ge_22_08_RG.jpg,01_Ge_22_08_RG.jpg,0.808,1,44_Ac_17_16_RG.jpg,0.542,0.267
obs-en-05-10.jpg,01_Ge_11_01_RG.jpg,01_Ge_11_01_RG.jpg 01_Ge_22_11_RG.jpg,0.854,1,02_Ex_01_03_RG.jpg,0.832,0.022
obs-en-06-01.jpg,01_Ge_24_03_RG.jpg,01_Ge_24_03_RG.jpg,0.765,1,42_Lk_02_18_RG.jpg,0.499,0.266
obs-en-06-02.jpg,01_Ge_24_08_RG.jpg,01_Ge_24_08_RG.jpg,0.84,0.9,11_1Ki_01_03_RG.jpg,0.619,0.221
obs-en-06-03.jpg,01_Ge_24_11_RG.jpg,01_Ge_24_11_RG.jpg,0.966,1,01_Ge_01_04_RG.jpg,0.762,0.204
obs-en-06-04.jpg,01_Ge_24_01_RG.jpg,01_Ge_24_01_RG.jpg,0.874,1,01_Ge_25_01_RG.jpg,0.874,0.0
obs-en-06-05.jpg,01_Ge_25_02_RG.jpg,01_Ge_25_02_RG.jpg,0.851,1,01_Ge_19_02_RG.jpg,0.498,0.353
obs-en-06-06.jpg,01_Ge_25_03_RG.jpg,01_Ge_25_03_RG.jpg,0.941,1,42_Lk_07_15_RG.jpg,0.75,0.19
obs-en-06-07.jpg,01_Ge_25_04_RG.jpg,01_Ge_25_04_RG.jpg,0.755,1,02_Ex_02_18_RG.jpg,0.56,0.195
obs-en-07-01.jpg,01_Ge_25_06_RG.jpg,01_Ge_25_06_RG.jpg,0.753,1,17_Es_08_02_RG.jpg,0.571,0.182
obs-en-07-02.jpg,01_Ge_25_14_RG.jpg,01_Ge_25_14_RG.jpg,0.878,1,02_Ex_04_03_RG.jpg,0.49,0.388
obs-en-07-03.jpg,01_Ge_27_04_RG.jpg,01_Ge_27_04_RG.jpg,0.808,0.9,17_Es_04_05_RG.jpg,0.567,0.241
obs-en-07-04.jpg,01_Ge_27_06_RG.jpg,01_Ge_27_06_RG.jpg,0.802,1,44_Ac_21_11_RG.jpg,0.624,0.178
obs-en-07-05.jpg,01_Ge_27_11_RG.jpg,01_Ge_27_11_RG.jpg,0.907,1,44_Ac_06_11_RG.jpg,0.72,0.188
obs-en-07-06.jpg,01_Ge_27_12_RG.jpg,01_Ge_27_12_RG.jpg 01_Ge_28_01_RG.jpg,0.877,1,11_1Ki_11_07_RG.jpg,0.512,0.366
obs-en-07-07.jpg,01_Ge_30_04_RG.jpg,01_Ge_30_04_RG.jpg,0.808,1,18_Jb_01_03_RG.jpg,0.808,0.0
obs-en-07-08.jpg,01_Ge_31_01_RG.jpg,01_Ge_31_01_RG.jpg,0.917,1,01_Ge_24_11_RG.jpg,0.666,0.251
obs-en-07-09.jpg,01_Ge_32_03_RG.jpg,01_Ge_32_03_RG.jpg,0.891,1,40_Mt_14_08_RG.jpg,0.665,0.225
obs-en-07-10.jpg,01_Ge_33_02_RG.jpg,01_Ge_33_02_RG.jpg,0.956,1,12_2Ki_04_02_RG.jpg,0.76,0.196
obs-en-08-01.jpg,01_Ge_37_09_RG.jpg,01_Ge_37_09_RG.jpg,0.945,1,12_2Ki_02_03_RG.jpg,0.68,0.265
obs-en-08-02.jpg,01_Ge_37_04_RG.jpg,01_Ge_37_04_RG.jpg,0.86,1,12_2Ki_24_03_RG.jpg,0.497,0.363
obs-en-08-03.jpg,01_Ge_37_20_RG.jpg,01_Ge_37_20_RG.jpg,0.775,0.9,06_Jo_07_02_RG.jpg,0.482,0.294
obs-en-08-04.jpg,01_Ge_37_22_RG.jpg,01_Ge_37_22_RG.jpg 01_Ge_39_01_RG.jpg,0.897,1,02_Ex_02_16_RG.jpg,0.385,0.512
obs-en-08-05.jpg,01_Ge_39_12_RG.jpg,01_Ge_39_12_RG.jpg 01_Ge_41_28_RG.jpg,0.904,1,01_Ge_25_07_RG.jpg,0.603,0.301
obs-en-08-06.jpg,01_Ge_41_05_RG.jpg,01_Ge_41_05_RG.jpg,0.819,1,66_Re_01_01_RG.jpg,0.593,0.226
obs-en-08-07.jpg,01_Ge_41_07_RG.jpg,01_Ge_41_07_RG.jpg,0.834,1,32_Jon_03_01_RG.jpg,0.475,0.359
obs-en-08-08.jpg,01_Ge_41_12_RG.jpg,01_Ge_41_12_RG.jpg,0.873,1,40_Mt_04_03_RG.jpg,0.532,0.341
obs-en-08-09.jpg,01_Ge_41_16_RG.jpg,01_Ge_41_16_RG.jpg,0.92,1,40_Mt_26_10_RG.jpg,0.6,0.321
obs-en-08-10.jpg,01_Ge_12_08_RG.jpg,01_Ge_12_08_RG.jpg 01_Ge_41_21_RG.jpg,0.92,1,44_Ac_20_06_RG.jpg,0.57,0.35
obs-en-08-11.jpg,01_Ge_42_01_RG.jpg,01_Ge_42_01_RG.jpg,0.926,1,01_Ge_27_10_RG.jpg,0.676,0.25
obs-en-08-12.jpg,01_Ge_45_04_RG.jpg,01_Ge_45_04_RG.jpg,0.857,1,42_Lk_15_08_RG.jpg,0.628,0.229
obs-en-08-13.jpg,01_Ge_45_10_RG.jpg,01_Ge_45_10_RG.jpg,0.837,1,42_Lk_15_08_RG.jpg,0.557,0.28
obs-en-08-14.jpg,01_Ge_46_02_RG.jpg,01_Ge_46_02_RG.jpg,0.857,1,42_Lk_15_05_RG.jpg,0.593,0.264
obs-en-08-15.jpg,02_Ex_04_08_RG.jpg,02_Ex_04_08_RG.jpg,0.539,0.7,01_Ge_02_11_RG.jpg,0.533,0.006
obs-en-09-01.jpg,02_Ex_01_02_RG.jpg,02_Ex_01_02_RG.jpg 06_Jo_03_06_RG.jpg 06_Jo_04_04_RG.jpg,0.859,1,06_Jo_01_02_RG.jpg,0.527,0.332
obs-en-09-02.jpg,02_Ex_01_07_RG.jpg,02_Ex_01_07_RG.jpg,0.862,1,01_Ge_27_07_RG.jpg,0.548,0.314
obs-en-09-03.jpg,02_Ex_01_08_RG.jpg,02_Ex_01_08_RG.jpg,0.827,1,42_Lk_17_02_RG.jpg,0.625,0.202
obs-en-09-04.jpg,02_Ex_01_06_RG.jpg,02_Ex_01_06_RG.jpg,0.922,1,01_Ge_01_04_RG.jpg,0.707,0.215
obs-en-09-05.jpg,02_Ex_02_01_RG.jpg,02_Ex_02_01_RG.jpg,0.767,1,11_1Ki_02_01_RG.jpg,0.547,0.22
obs-en-09-06.jpg,02_Ex_02_04_RG.jpg,02_Ex_02_04_RG.jpg,0.909,1,08_Ru_04_02_RG.jpg,0.716,0.193
obs-en-09-07.jpg,02_Ex_02_06_RG.jpg,02_Ex_02_06_RG.jpg,0.894,1,11_1Ki_20_01_RG.jpg,0.556,0.338
obs-en-09-08.jpg,02_Ex_02_13_RG.jpg,02_Ex_02_13_RG.jpg,0.826,1,17_Es_05_02_RG.jpg,0.439,0.386
obs-en-09-09.jpg,02_Ex_02_14_RG.jpg,02_Ex_02_14_RG.jpg,0.915,1,07_Ju_04_05_RG.jpg,0.628,0.286
obs-en-09-10.jpg,02_Ex_02_17_RG.jpg,02_Ex_02_17_RG.jpg,0.898,1,12_2Ki_19_03_RG.jpg,0.631,0.267
obs-en-09-11.jpg,02_Ex_03_01_RG.jpg,02_Ex_03_01_RG.jpg,0.867,1,02_Ex_04_12_RG.jpg,0.433,0.434
obs-en-09-12.jpg,02_Ex_03_04_RG.jpg,02_Ex_03_04_RG.jpg,0.938,1,01_Ge_25_03_RG.jpg,0.718,0.221
obs-en-09-13.jpg,02_Ex_03_07_RG.jpg,02_Ex_03_07_RG.jpg,0.781,1,01_Ge_18_18_RG.jpg,0.476,0.305
obs-en-09-14.jpg,02_Ex_04_10_RG.jpg,02_Ex_04_10_RG.jpg,0.863,1,40_Mt_04_09_RG.jpg,0.394,0.47
obs-en-09-15.jpg,02_Ex_04_11_RG.jpg,02_Ex_04_11_RG.jpg,0.93,1,41_Mk_12_18_RG.jpg,0.648,0.282
obs-en-10-01.jpg,02_Ex_05_01_RG.jpg,02_Ex_05_01_RG.jpg 02_Ex_10_04_RG.jpg,0.87,1,18_Jb_01_05_RG.jpg,0.645,0.224
obs-en-10-02.jpg,02_Ex_05_02_RG.jpg,02_Ex_05_02_RG.jpg 02_Ex_10_06_RG.jpg,0.824,1,01_Ge_41_20_RG.jpg,0.54,0.284
obs-en-10-03.jpg,02_Ex_07_04_RG.jpg,02_Ex_07_04_RG.jpg,0.794,1,44_Ac_18_07_RG.jpg,0.525,0.268
obs-en-10-04.jpg,02_Ex_08_02_RG.jpg,02_Ex_08_02_RG.jpg,0.903,1,40_Mt_13_16_RG.jpg,0.606,0.298
obs-en-10-05.jpg,02_Ex_08_06_RG.jpg,02_Ex_08_06_RG.jpg,0.936,1,41_Mk_12_15_RG.jpg,0.594,0.341
obs-en-10-06.jpg,02_Ex_09_02_RG.jpg,02_Ex_09_02_RG.jpg,0.908,1,04_Nu_22_02_RG.jpg,0.606,0.303
obs-en-10-07.jpg,02_Ex_09_03_RG.jpg,02_Ex_09_03_RG.jpg,0.927,1,40_Mt_10_07_RG.jpg,0.668,0.259
obs-en-10-08.jpg,02_Ex_09_04_RG.jpg,02_Ex_09_04_RG.jpg,0.877,1,44_Ac_27_15_RG.jpg,0.46,0.417
obs-en-10-09.jpg,02_Ex_09_07_RG.jpg,02_Ex_09_07_RG.jpg 02_Ex_10_02_RG.jpg,0.874,1,09_1Sa_28_01_RG.jpg,0.53,0.344
obs-en-10-10.jpg,02_Ex_09_08_RG.jpg,02_Ex_09_08_RG.jpg 02_Ex_10_03_RG.jpg,0.862,1,40_Mt_22_07_RG.jpg,0.438,0.424
obs-en-10-11.jpg,02_Ex_10_08_RG.jpg,02_Ex_10_08_RG.jpg,0.893,1,44_Ac_16_11_RG.jpg,0.61,0.283
obs-en-10-12.jpg,02_Ex_10_09_RG.jpg,02_Ex_10_09_RG.jpg,0.932,1,40_Mt_13_16_RG.jpg,0.648,0.284
obs-en-11-01.jpg,02_Ex_10_12_RG.jpg,02_Ex_10_12_RG.jpg 02_Ex_11_02_RG.jpg,0.892,1,01_Ge_11_08_RG.jpg,0.445,0.447
obs-en-11-02.jpg,02_Ex_12_01_RG.jpg,02_Ex_12_01_RG.jpg,0.846,1,32_Jon_01_02_RG.jpg,0.582,0.264
obs-en-11-03.jpg,02_Ex_12_02_RG.jpg,02_Ex_12_02_RG.jpg,0.899,1,01_Ge_07_06_RG.jpg,0.638,0.26
obs-en-11-04.jpg,01_Ge_09_05_RG.jpg,01_Ge_09_05_RG.jpg 02_Ex_12_03_RG.jpg,0.832,1,40_Mt_27_13_RG.jpg,0.53,0.302
obs-en-11-05.jpg,02_Ex_12_04_RG.jpg,02_Ex_12_04_RG.jpg,0.886,1,24_Jer_36_03_RG.jpg,0.617,0.27
obs-en-11-06.jpg,02_Ex_12_05_RG.jpg,02_Ex_12_05_RG.jpg,0.846,1,44_Ac_19_20_RG.jpg,0.512,0.333
obs-en-11-07.jpg,02_Ex_12_06_RG.jpg,02_Ex_12_06_RG.jpg,0.834,0.9,12_2Ki_05_04_RG.jpg,0.5,0.334
obs-en-11-08.jpg,02_Ex_12_07_RG.jpg,02_Ex_12_07_RG.jpg,0.889,1,44_Ac_02_08_RG.jpg,0.648,0.241
obs-en-12-01.jpg,02_Ex_12_09_RG.jpg,02_Ex_12_09_RG.jpg,0.88,1,02_Ex_03_03_RG.jpg,0.555,0.325
obs-en-12-02.jpg,02_Ex_13_03_RG.jpg,02_Ex_13_03_RG.jpg,0.855,0.9,10_2Sa_10_05_RG.jpg,0.652,0.203
obs-en-12-03.jpg,02_Ex_14_01_RG.jpg,02_Ex_14_01_RG.jpg,0.912,1,01_Ge_06_07_RG.jpg,0.586,0.327
obs-en-12-04.jpg,02_Ex_14_03_RG.jpg,02_Ex_14_03_RG.jpg,0.877,1,17_Es_09_03_RG.jpg,0.451,0.427
obs-en-12-05.jpg,02_Ex_14_04_RG.jpg,02_Ex_14_04_RG.jpg,0.928,1,11_1Ki_03_09_RG.jpg,0.616,0.312
obs-en-12-06.jpg,02_Ex_14_05_RG.jpg,02_Ex_14_05_RG.jpg,0.849,1,41_Mk_12_11_RG.jpg,0.516,0.333
obs-en-12-07.jpg,02_Ex_14_06_RG.jpg,02_Ex_14_06_RG.jpg,0.868,1,17_Es_04_05_RG.jpg,0.617,0.251
obs-en-12-08.jpg,02_Ex_14_07_RG.jpg,02_Ex_14_07_RG.jpg,0.876,1,02_Ex_10_08_RG.jpg,0.501,0.375
obs-en-12-09.jpg,02_Ex_14_08_RG.jpg,02_Ex_14_08_RG.jpg,0.769,1,06_Jo_14_01_RG.jpg,0.585,0.183
obs-en-12-10.jpg,02_Ex_14_09_RG.jpg,02_Ex_14_09_RG.jpg,0.8,1,32_Jon_01_06_RG.jpg,0.607,0.193
obs-en-12-11.jpg,02_Ex_14_10_RG.jpg,02_Ex_14_10_RG.jpg,0.921,1,09_1Sa_15_06_RG.jpg,0.645,0.276
obs-en-12-12.jpg,02_Ex_14_11_RG.jpg,02_Ex_14_11_RG.jpg,0.933,1,40_Mt_13_02_RG.jpg,0.65,0.283
obs-en-12-13.jpg,02_Ex_15_02_RG.jpg,02_Ex_15_02_RG.jpg,0.778,0.9,17_Es_03_02_RG.jpg,0.511,0.267
obs-en-12-14.jpg,02_Ex_15_01_RG.jpg,02_Ex_15_01_RG.jpg,0.824,1,27_Da_05_10_RG.jpg,0.644,0.179
obs-en-13-01.jpg,02_Ex_19_01_RG.jpg,02_Ex_19_01_RG.jpg,0.907,1,02_Ex_16_11_RG.jpg,0.853,0.054
obs-en-13-02.jpg,02_Ex_19_10_RG.jpg,02_Ex_19_10_RG.jpg,0.814,1,01_Ge_18_07_RG.jpg,0.488,0.326
obs-en-13-03.jpg,02_Ex_19_02_RG.jpg,02_Ex_19_02_RG.jpg,0.941,1,09_1Sa_28_02_RG.jpg,0.642,0.299
obs-en-13-04.jpg,02_Ex_19_09_RG.jpg,02_Ex_19_09_RG.jpg,0.93,1,02_Ex_09_12_RG.jpg,0.634,0.296
obs-en-13-05.jpg,02_Ex_19_12_RG.jpg,02_Ex_19_12_RG.jpg,0.914,1,02_Ex_09_12_RG.jpg,0.738,0.176
obs-en-13-06.jpg,02_Ex_00_03_RG.jpg,02_Ex_00_03_RG.jpg,0.929,1,02_Ex_32_02_RG.jpg,0.657,0.272
obs-en-13-07.jpg,02_Ex_20_02_RG.jpg,02_Ex_20_02_RG.jpg 02_Ex_35_01_RG.jpg,0.924,1,02_Ex_32_02_RG.jpg,0.713,0.212
obs-en-13-08.jpg,02_Ex_27_02_RG.jpg,02_Ex_27_02_RG.jpg,0.814,1,09_1Sa_03_02_RG.jpg,0.486,0.328
obs-en-13-09.jpg,02_Ex_29_02_RG.jpg,02_Ex_29_02_RG.jpg,0.855,1,01_Ge_18_20_RG.jpg,0.545,0.31
obs-en-13-10.jpg,02_Ex_20_01_RG.jpg,02_Ex_20_01_RG.jpg 02_Ex_35_02_RG.jpg,0.927,1,66_Re_21_03_RG.jpg,0.54,0.387
obs-en-13-11.jpg,02_Ex_32_01_RG.jpg,02_Ex_32_01_RG.jpg,0.924,1,40_Mt_08_19_RG.jpg,0.663,0.261
obs-en-13-12.jpg,02_Ex_32_03_RG.jpg,02_Ex_32_03_RG.jpg,0.867,1,01_Ge_45_09_RG.jpg,0.579,0.288
obs-en-13-13.jpg,02_Ex_32_05_RG.jpg,02_Ex_32_05_RG.jpg,0.924,1,40_Mt_27_06_RG.jpg,0.588,0.337
obs-en-13-14.jpg,02_Ex_32_06_RG.jpg,02_Ex_32_06_RG.jpg,0.919,1,07_Ju_16_01_RG.jpg,0.667,0.252
obs-en-13-15.jpg,02_Ex_32_04_RG.jpg,02_Ex_32_04_RG.jpg,0.891,1,06_Jo_03_05_RG.jpg,0.611,0.28
obs-en-14-01.jpg,04_Nu_21_02_RG.jpg,04_Nu_21_02_RG.jpg,0.935,1,01_Ge_45_09_RG.jpg,0.764,0.171
obs-en-14-02.jpg,03_Le_26_01_RG.jpg,03_Le_26_01_RG.jpg 05_De_04_01_RG.jpg,0.932,1,40_Mt_10_07_RG.jpg,0.596,0.336
obs-en-14-03.jpg,05_De_00_05_RG.jpg,05_De_00_05_RG.jpg,0.833,1,44_Ac_09_15_RG.jpg,0.594,0.24
obs-en-14-04.jpg,04_Nu_13_02_RG.jpg,04_Nu_13_02_RG.jpg,0.847,1,01_Ge_31_09_RG.jpg,0.471,0.376
obs-en-14-05.jpg,04_Nu_13_05_RG.jpg,04_Nu_13_05_RG.jpg,0.931,1,01_Ge_45_09_RG.jpg,0.706,0.224
obs-en-14-06.jpg,04_Nu_13_07_RG.jpg,04_Nu_13_07_RG.jpg,0.939,1,02_Ex_00_23_RG.jpg,0.644,0.295
obs-en-14-07.jpg,04_Nu_13_06_RG.jpg,04_Nu_13_06_RG.jpg,0.848,1,01_Ge_11_08_RG.jpg,0.648,0.201
obs-en-14-08.jpg,04_Nu_14_01_RG.jpg,04_Nu_14_01_RG.jpg,0.846,1,44_Ac_17_01_RG.jpg,0.667,0.179
obs-en-14-09.jpg,04_Nu_14_04_RG.jpg,04_Nu_14_04_RG.jpg,0.822,1,44_Ac_03_07_RG.jpg,0.59,0.232
obs-en-14-10.jpg,04_Nu_14_05_RG.jpg,04_Nu_14_05_RG.jpg,0.879,1,42_Lk_24_09_RG.jpg,0.591,0.288
obs-en-14-11.jpg,02_Ex_16_06_RG.jpg,02_Ex_16_06_RG.jpg,0.858,1,02_Ex_01_11_RG.jpg,0.536,0.322
obs-en-14-12.jpg,02_Ex_15_03_RG.jpg,02_Ex_15_03_RG.jpg,0.802,1,01_Ge_25_11_RG.jpg,0.551,0.251
obs-en-14-13.jpg,05_De_00_07_RG.jpg,05_De_00_07_RG.jpg,0.719,1,17_Es_07_03_RG.jpg,0.567,0.152
obs-en-14-14.jpg,05_De_31_04_RG.jpg,05_De_31_04_RG.jpg,0.917,1,40_Mt_08_18_RG.jpg,0.663,0.254
obs-en-14-15.jpg,05_De_32_02_RG.jpg,05_De_32_02_RG.jpg,0.93,1,09_1Sa_15_06_RG.jpg,0.685,0.245
obs-en-15-01.jpg,06_Jo_02_07_RG.jpg,06_Jo_02_07_RG.jpg,0.867,1,01_Ge_02_12_RG.jpg,0.559,0.307
obs-en-15-02.jpg,02_Ex_09_09_RG.jpg,02_Ex_09_09_RG.jpg 02_Ex_10_05_RG.jpg,0.563,0.7,42_Lk_24_07_RG.jpg,0.521,0.042
obs-en-15-03.jpg,06_Jo_06_02_RG.jpg,06_Jo_06_02_RG.jpg,0.673,1,40_Mt_13_19_RG.jpg,0.595,0.078
obs-en-15-04.jpg,06_Jo_06_05_RG.jpg,06_Jo_06_05_RG.jpg,0.829,1,01_Ge_01_04_RG.jpg,0.578,0.251
obs-en-15-05.jpg,06_Jo_06_06_RG.jpg,06_Jo_06_06_RG.jpg,0.752,0.9,40_Mt_27_09_RG.jpg,0.398,0.354
obs-en-15-06.jpg,06_Jo_09_01_RG.jpg,06_Jo_09_01_RG.jpg,0.863,0.9,40_Mt_18_08_RG.jpg,0.54,0.323
obs-en-15-07.jpg,06_Jo_10_01_RG.jpg,06_Jo_10_01_RG.jpg,0.874,1,02_Ex_14_14_RG.jpg,0.518,0.356
obs-en-15-08.jpg,06_Jo_10_02_RG.jpg,06_Jo_10_02_RG.jpg,0.788,1,40_Mt_18_05_RG.jpg,0.497,0.291
obs-en-15-09.jpg,06_Jo_10_03_RG.jpg,06_Jo_10_03_RG.jpg,0.928,1,40_Mt_08_05_RG.jpg,0.59,0.338
obs-en-15-10.jpg,06_Jo_10_04_RG.jpg,06_Jo_10_04_RG.jpg,0.875,1,42_Lk_24_07_RG.jpg,0.634,0.241
obs-en-15-11.jpg,06_Jo_08_11_RG.jpg,06_Jo_08_11_RG.jpg 06_Jo_10_10_RG.jpg,0.894,1,27_Da_03_04_RG.jpg,0.616,0.278
obs-en-15-12.jpg,06_Jo_24_08_RG.jpg,06_Jo_24_08_RG.jpg,0.884,1,01_Ge_18_19_RG.jpg,0.607,0.277
obs-en-15-13.jpg,06_Jo_22_04_RG.jpg,06_Jo_22_04_RG.jpg 06_Jo_24_09_RG.jpg,0.791,0.9,42_Lk_02_17_RG.jpg,0.609,0.182
obs-en-16-01.jpg,07_Ju_02_02_RG.jpg,07_Ju_02_02_RG.jpg,0.919,1,10_2Sa_01_01_RG.jpg,0.682,0.237
obs-en-16-02.jpg,07_Ju_04_09_RG.jpg,07_Ju_04_09_RG.jpg,0.836,1,01_Ge_30_01_RG.jpg,0.55,0.287
obs-en-16-03.jpg,07_Ju_07_01_RG.jpg,07_Ju_07_01_RG.jpg,0.893,1,06_Jo_01_01_RG.jpg,0.875,0.018
obs-en-16-04.jpg,07_Ju_06_02_RG.jpg,07_Ju_06_02_RG.jpg,0.896,0.9,04_Nu_14_03_RG.jpg,0.625,0.271
obs-en-16-05.jpg,07_Ju_06_03_RG.jpg,07_Ju_06_03_RG.jpg,0.818,0.9,01_Ge_41_09_RG.jpg,0.512,0.306
obs-en-16-06.jpg,07_Ju_06_04_RG.jpg,07_Ju_06_04_RG.jpg,0.793,0.9,02_Ex_19_12_RG.jpg,0.573,0.22
obs-en-16-07.jpg,07_Ju_06_07_RG.jpg,07_Ju_06_07_RG.jpg,0.79,1,41_Mk_02_09_RG.jpg,0.556,0.235
obs-en-16-08.jpg,07_Ju_06_08_RG.jpg,07_Ju_06_08_RG.jpg,0.918,1,07_Ju_04_05_RG.jpg,0.623,0.296
obs-en-16-09.jpg,07_Ju_06_09_RG.jpg,07_Ju_06_09_RG.jpg,0.875,1,01_Ge_28_06_RG.jpg,0.631,0.244
obs-en-16-10.jpg,07_Ju_07_02_RG.jpg,07_Ju_07_02_RG.jpg,0.898,1,40_Mt_08_09_RG.jpg,0.654,0.244
obs-en-16-11.jpg,07_Ju_07_04_RG.jpg,07_Ju_07_04_RG.jpg,0.855,1,66_Re_19_01_RG.jpg,0.444,0.412
obs-en-16-12.jpg,07_Ju_07_05_RG.jpg,07_Ju_07_05_RG.jpg,0.678,1,01_Ge_41_14_RG.jpg,0.427,0.251
obs-en-16-13.jpg,07_Ju_07_06_RG.jpg,07_Ju_07_06_RG.jpg,0.708,0.9,01_Ge_31_07_RG.jpg,0.397,0.311
obs-en-16-14.jpg,07_Ju_07_07_RG.jpg,07_Ju_07_07_RG.jpg,0.734,1,40_Mt_02_08_RG.jpg,0.444,0.29
obs-en-16-15.jpg,07_Ju_08_05_RG.jpg,07_Ju_08_05_RG.jpg,0.833,1,40_Mt_21_07_RG.jpg,0.625,0.208
obs-en-16-16.jpg,07_Ju_08_06_RG.jpg,07_Ju_08_06_RG.jpg,0.855,0.9,07_Ju_07_01_RG.jpg,0.633,0.222
obs-en-16-17.jpg,07_Ju_04_04_RG.jpg,07_Ju_04_04_RG.jpg,0.935,1,01_Ge_01_03_RG.jpg,0.698,0.238
obs-en-16-18.jpg,09_1Sa_13_01_RG.jpg,09_1Sa_13_01_RG.jpg,0.811,1,12_2Ki_04_05_RG.jpg,0.604,0.207
obs-en-17-01.jpg,09_1Sa_18_02_RG.jpg,09_1Sa_18_02_RG.jpg,0.909,1,44_Ac_27_02_RG.jpg,0.693,0.216
obs-en-17-02.jpg,09_1Sa_16_14_RG.jpg,09_1Sa_16_14_RG.jpg 09_1Sa_17_12_RG.jpg,0.91,0.9,10_2Sa_06_06_RG.jpg,0.644,0.266
obs-en-17-03.jpg,09_1Sa_17_09_RG.jpg,09_1Sa_17_09_RG.jpg,0.763,1,12_2Ki_04_02_RG.jpg,0.626,0.137
obs-en-17-04.jpg,09_1Sa_24_03_RG.jpg,09_1Sa_24_03_RG.jpg,0.857,1,09_1Sa_23_02_RG.jpg,0.405,0.452
obs-en-17-05.jpg,10_2Sa_10_07_RG.jpg,10_2Sa_10_07_RG.jpg 13_1Ch_19_07_RG.jpg,0.815,0.9,44_Ac_01_04_RG.jpg,0.458,0.356
obs-en-17-06.jpg,10_2Sa_09_01_RG.jpg,10_2Sa_09_01_RG.jpg,0.835,0.9,42_Lk_02_07_RG.jpg,0.594,0.24
obs-en-17-07.jpg,10_2Sa_13_02_RG.jpg,10_2Sa_13_02_RG.jpg,0.847,0.9,43_Jn_01_12_RG.jpg,0.668,0.178
obs-en-17-08.jpg,10_2Sa_07_02_RG.jpg,10_2Sa_07_02_RG.jpg 13_1Ch_17_01_RG.jpg,0.893,1,44_Ac_02_08_RG.jpg,0.524,0.369
obs-en-17-09.jpg,19_Ps_23_03_RG.jpg,19_Ps_23_03_RG.jpg,0.93,1,40_Mt_27_06_RG.jpg,0.65,0.279
obs-en-17-10.jpg,10_2Sa_11_01_RG.jpg,10_2Sa_11_01_RG.jpg,0.852,1,44_Ac_09_09_RG.jpg,0.41,0.443
obs-en-17-11.jpg,10_2Sa_11_02_RG.jpg,10_2Sa_11_02_RG.jpg,0.869,1,42_Lk_18_02_RG.jpg,0.557,0.313
obs-en-17-12.jpg,10_2Sa_11_03_RG.jpg,10_2Sa_11_03_RG.jpg,0.871,1,59_Ja_02_01_RG.jpg,0.488,0.383
obs-en-17-13.jpg,10_2Sa_12_05_RG.jpg,10_2Sa_12_05_RG.jpg,0.879,1,44_Ac_03_07_RG.jpg,0.454,0.426
obs-en-17-14.jpg,10_2Sa_12_06_RG.jpg,10_2Sa_12_06_RG.jpg,0.853,0.9,24_Jer_38_02_RG.jpg,0.588,0.265
obs-en-18-01.jpg,11_1Ki_03_07_RG.jpg,11_1Ki_03_07_RG.jpg,0.909,1,44_Ac_09_01_RG.jpg,0.552,0.357
obs-en-18-02.jpg,11_1Ki_09_01_RG.jpg,11_1Ki_09_01_RG.jpg,0.908,1,07_Ju_14_02_RG.jpg,0.717,0.192
obs-en-18-03.jpg,11_1Ki_11_02_RG.jpg,11_1Ki_11_02_RG.jpg,0.901,1,40_Mt_08_18_RG.jpg,0.599,0.303
obs-en-18-04.jpg,11_1Ki_11_03_RG.jpg,11_1Ki_11_03_RG.jpg,0.854,1,17_Es_09_03_RG.jpg,0.575,0.28
obs-en-18-05.jpg,11_1Ki_12_03_RG.jpg,11_1Ki_12_03_RG.jpg 14_2Ch_10_01_RG.jpg,0.867,0.9,40_Mt_03_08_RG.jpg,0.511,0.356
obs-en-18-06.jpg,11_1Ki_12_04_RG.jpg,11_1Ki_12_04_RG.jpg 14_2Ch_10_02_RG.jpg,0.893,1,15_Ezr_10_06_RG.jpg,0.517,0.376
obs-en-18-07.jpg,11_1Ki_12_05_RG.jpg,11_1Ki_12_05_RG.jpg 14_2Ch_10_03_RG.jpg,0.888,1,17_Es_05_02_RG.jpg,0.646,0.241
obs-en-18-08.jpg,11_1Ki_12_06_RG.jpg,11_1Ki_12_06_RG.jpg,0.924,1,44_Ac_09_04_RG.jpg,0.671,0.253
obs-en-18-09.jpg,11_1Ki_12_07_RG.jpg,11_1Ki_12_07_RG.jpg,0.896,1,09_1Sa_17_11_RG.jpg,0.605,0.291
obs-en-18-10.jpg,10_2Sa_10_06_RG.jpg,10_2Sa_10_06_RG.jpg 13_1Ch_19_06_RG.jpg,0.906,1,01_Ge_12_04_RG.jpg,0.715,0.191
obs-en-18-11.jpg,13_1Ch_24_03_RG.jpg,13_1Ch_24_03_RG.jpg 14_2Ch_24_03_RG.jpg,0.813,0.9,44_Ac_28_03_RG.jpg,0.587,0.227
obs-en-18-12.jpg,12_2Ki_17_05_RG.jpg,12_2Ki_17_05_RG.jpg,0.866,1,42_Lk_02_03_RG.jpg,0.658,0.208
obs-en-18-13.jpg,11_1Ki_14_04_RG.jpg,11_1Ki_14_04_RG.jpg,0.866,1,02_Ex_12_10_RG.jpg,0.599,0.267
obs-en-19-01.jpg,09_1Sa_10_02_RG.jpg,09_1Sa_10_02_RG.jpg,0.893,1,42_Lk_01_16_RG.jpg,0.592,0.3
obs-en-19-02.jpg,11_1Ki_18_01_RG.jpg,11_1Ki_18_01_RG.jpg,0.869,1,01_Ge_18_17_RG.jpg,0.444,0.425
obs-en-19-03.jpg,11_1Ki_17_01_RG.jpg,11_1Ki_17_01_RG.jpg,0.896,1,01_Ge_04_04_RG.jpg,0.49,0.406
obs-en-19-04.jpg,11_1Ki_17_05_RG.jpg,11_1Ki_17_05_RG.jpg,0.904,1,10_2Sa_12_04_RG.jpg,0.587,0.316
obs-en-19-05.jpg,11_1Ki_18_02_RG.jpg,11_1Ki_18_02_RG.jpg,0.898,1,44_Ac_09_15_RG.jpg,0.594,0.304
obs-en-19-06.jpg,11_1Ki_18_03_RG.jpg,11_1Ki_18_03_RG.jpg,0.88,1,04_Nu_21_01_RG.jpg,0.667,0.213
obs-en-19-07.jpg,11_1Ki_18_04_RG.jpg,11_1Ki_18_04_RG.jpg,0.921,1,44_Ac_15_05_RG.jpg,0.678,0.243
obs-en-19-08.jpg,11_1Ki_18_05_RG.jpg,11_1Ki_18_05_RG.jpg,0.749,1,41_Mk_12_19_RG.jpg,0.522,0.227
obs-en-19-09.jpg,11_1Ki_18_07_RG.jpg,11_1Ki_18_07_RG.jpg,0.755,0.9,42_Lk_18_19_RG.jpg,0.546,0.209
obs-en-19-10.jpg,11_1Ki_18_08_RG.jpg,11_1Ki_18_08_RG.jpg,0.869,1,04_Nu_21_01_RG.jpg,0.526,0.343
obs-en-19-11.jpg,11_1Ki_18_09_RG.jpg,11_1Ki_18_09_RG.jpg,0.766,0.9,11_1Ki_11_03_RG.jpg,0.568,0.199
obs-en-19-12.jpg,11_1Ki_18_10_RG.jpg,11_1Ki_18_10_RG.jpg,0.816,1,15_Ezr_10_02_RG.jpg,0.586,0.23
obs-en-19-13.jpg,11_1Ki_18_11_RG.jpg,11_1Ki_18_11_RG.jpg,0.742,0.9,01_Ge_27_09_RG.jpg,0.513,0.229
obs-en-19-14.jpg,12_2Ki_05_02_RG.jpg,12_2Ki_05_02_RG.jpg,0.728,1,42_Lk_10_09_RG.jpg,0.603,0.126
obs-en-19-15.jpg,12_2Ki_05_10_RG.jpg,12_2Ki_05_10_RG.jpg,0.901,0.9,01_Ge_29_11_RG.jpg,0.565,0.336
obs-en-19-16.jpg,11_1Ki_20_03_RG.jpg,11_1Ki_20_03_RG.jpg,0.708,0.9,16_Ne_01_01_RG.jpg,0.544,0.163
obs-en-19-17.jpg,24_Jer_38_02_RG.jpg,24_Jer_38_02_RG.jpg,0.692,0.9,42_Lk_24_07_RG.jpg,0.568,0.124
obs-en-19-18.jpg,32_Jon_03_01_RG.jpg,32_Jon_03_01_RG.jpg,0.884,0.9,44_Ac_03_05_RG.jpg,0.641,0.244
obs-en-20-01.jpg,11_1Ki_13_01_RG.jpg,11_1Ki_13_01_RG.jpg,0.931,1,11_1Ki_13_03_RG.jpg,0.908,0.022
obs-en-20-02.jpg,12_2Ki_15_04_RG.jpg,12_2Ki_15_04_RG.jpg,0.772,1,44_Ac_01_10_RG.jpg,0.642,0.13
obs-en-20-03.jpg,12_2Ki_17_03_RG.jpg,12_2Ki_17_03_RG.jpg,0.874,0.9,44_Ac_02_08_RG.jpg,0.653,0.221
obs-en-20-04.jpg,12_2Ki_17_04_RG.jpg,12_2Ki_17_04_RG.jpg,0.875,0.9,44_Ac_02_08_RG.jpg,0.558,0.317
obs-en-20-05.jpg,12_2Ki_22_01_RG.jpg,12_2Ki_22_01_RG.jpg,0.915,1,17_Es_03_09_RG.jpg,0.597,0.319
obs-en-20-06.jpg,12_2Ki_15_02_RG.jpg,12_2Ki_15_02_RG.jpg,0.811,0.9,10_2Sa_07_01_RG.jpg,0.556,0.255
obs-en-20-07.jpg,12_2Ki_25_05_RG.jpg,12_2Ki_25_05_RG.jpg,0.775,0.9,32_Jon_01_01_RG.jpg,0.471,0.303
obs-en-20-08.jpg,12_2Ki_25_04_RG.jpg,12_2Ki_25_04_RG.jpg,0.857,0.9,02_Ex_08_06_RG.jpg,0.443,0.414
obs-en-20-09.jpg,12_2Ki_25_07_RG.jpg,12_2Ki_25_07_RG.jpg,0.843,0.9,01_Ge_01_05_RG.jpg,0.692,0.15
obs-en-20-10.jpg,26_Eze_02_02_RG.jpg,26_Eze_02_02_RG.jpg,0.725,0.9,01_Ge_07_08_RG.jpg,0.504,0.221
obs-en-20-11.jpg,27_Da_06_01_RG.jpg,27_Da_06_01_RG.jpg,0.884,1,40_Mt_26_26_RG.jpg,0.435,0.449
obs-en-20-12.jpg,15_Ezr_01_01_RG.jpg,15_Ezr_01_01_RG.jpg,0.849,1,44_Ac_17_08_RG.jpg,0.498,0.351
obs-en-20-13.jpg,16_Ne_03_01_RG.jpg,16_Ne_03_01_RG.jpg,0.865,1,02_Ex_19_02_RG.jpg,0.545,0.32
obs-en-21-01.jpg,01_Ge_03_08_RG.jpg,01_Ge_03_08_RG.jpg,0.952,1,02_Ex_01_04_RG.jpg,0.595,0.357
obs-en-21-02.jpg,01_Ge_22_01_RG.jpg,01_Ge_22_01_RG.jpg,0.921,1,06_Jo_07_02_RG.jpg,0.673,0.248
obs-en-21-03.jpg,02_Ex_20_02_RG.jpg,02_Ex_20_02_RG.jpg 02_Ex_35_01_RG.jpg,0.931,1,02_Ex_32_02_RG.jpg,0.715,0.216
obs-en-21-04.jpg,10_2Sa_09_03_RG.jpg,10_2Sa_09_03_RG.jpg,0.89,1,40_Mt_13_01_RG.jpg,0.568,0.322
obs-en-21-05.jpg,24_Jer_36_02_RG.jpg,24_Jer_36_02_RG.jpg,0.689,0.9,40_Mt_17_03_RG.jpg,0.481,0.208
obs-en-21-06.jpg,32_Jon_03_02_RG.jpg,32_Jon_03_02_RG.jpg,0.907,0.9,02_Ex_08_11_RG.jpg,0.684,0.223
obs-en-21-07.jpg,11_1Ki_06_01_RG.jpg,11_1Ki_06_01_RG.jpg 11_1Ki_07_01_RG.jpg,0.923,1,02_Ex_19_06_RG.jpg,0.551,0.372
obs-en-21-08.jpg,66_Re_21_02_RG.jpg,66_Re_21_02_RG.jpg,0.879,0.9,55_2Ti_02_02_RG.jpg,0.525,0.353
obs-en-21-09.jpg,42_Lk_02_02_RG.jpg,42_Lk_02_02_RG.jpg,0.841,1,08_Ru_03_03_RG.jpg,0.599,0.242
obs-en-21-10.jpg,40_Mt_15_01_RG.jpg,40_Mt_15_01_RG.jpg 42_LK_04_22_RG.jpg,0.883,0.9,41_Mk_12_25_RG.jpg,0.613,0.269
obs-en-21-11.jpg,42_Lk_04_17_RG.jpg,42_Lk_04_17_RG.jpg,0.822,0.9,06_Jo_22_02_RG.jpg,0.45,0.372
obs-en-21-12.jpg,40_Mt_27_13_RG.jpg,40_Mt_27_13_RG.jpg 41_Mk_15_14_RG.jpg 42_Lk_23_14_RG.jpg,0.839,0.9,40_Mt_21_08_RG.jpg,0.462,0.377
obs-en-21-13.jpg,40_Mt_27_20_RG.jpg,40_Mt_27_20_RG.jpg 41_Mk_15_21_RG.jpg 42_Lk_23_21_RG.jpg,0.872,1,01_Ge_01_03_RG.jpg,0.551,0.32
obs-en-21-14.jpg,43_Jn_20_06_RG.jpg,43_Jn_20_06_RG.jpg,0.887,1,11_1Ki_03_04_RG.jpg,0.479,0.408
obs-en-21-15.jpg,41_Mk_13_07_RG.jpg,41_Mk_13_07_RG.jpg 42_Lk_21_12_RG.jpg,0.919,1,11_1Ki_17_07_RG.jpg,0.601,0.318
obs-en-22-01.jpg,42_Lk_01_01_RG.jpg,42_Lk_01_01_RG.jpg,0.829,0.9,02_Ex_08_04_RG.jpg,0.512,0.316
obs-en-22-02.jpg,42_Lk_01_02_RG.jpg,42_Lk_01_02_RG.jpg,0.882,1,09_1Sa_20_03_RG.jpg,0.475,0.407
obs-en-22-03.jpg,42_Lk_01_04_RG.jpg,42_Lk_01_04_RG.jpg,0.817,0.9,44_Ac_08_21_RG.jpg,0.426,0.392
obs-en-22-04.jpg,42_Lk_01_11_RG.jpg,42_Lk_01_11_RG.jpg,0.859,0.9,09_1Sa_18_05_RG.jpg,0.687,0.172
obs-en-22-05.jpg,42_Lk_01_13_RG.jpg,42_Lk_01_13_RG.jpg,0.906,1,06_Jo_07_08_RG.jpg,0.641,0.265
obs-en-22-06.jpg,42_Lk_01_15_RG.jpg,42_Lk_01_15_RG.jpg,0.846,1,66_Re_01_02_RG.jpg,0.667,0.179
obs-en-22-07.jpg,42_Lk_01_07_RG.jpg,42_Lk_01_07_RG.jpg,0.871,0.9,02_Ex_04_14_RG.jpg,0.592,0.278
obs-en-23-01.jpg,40_Mt_01_03_RG.jpg,40_Mt_01_03_RG.jpg,0.891,1,40_Mt_08_18_RG.jpg,0.652,0.24
obs-en-23-02.jpg,40_Mt_01_04_RG.jpg,40_Mt_01_04_RG.jpg,0.858,1,01_Ge_01_03_RG.jpg,0.661,0.197
obs-en-23-03.jpg,40_Mt_01_05_RG.jpg,40_Mt_01_05_RG.jpg,0.849,0.9,04_Nu_13_07_RG.jpg,0.538,0.311
obs-en-23-04.jpg,42_Lk_02_01_RG.jpg,42_Lk_02_01_RG.jpg,0.932,1,02_Ex_02_04_RG.jpg,0.597,0.335
obs-en-23-05.jpg,42_Lk_02_02_RG.jpg,42_Lk_02_02_RG.jpg,0.836,1,08_Ru_03_03_RG.jpg,0.592,0.244
obs-en-23-06.jpg,42_Lk_02_03_RG.jpg,42_Lk_02_03_RG.jpg,0.886,1,18_Jb_01_05_RG.jpg,0.673,0.213
obs-en-23-07.jpg,42_Lk_02_04_RG.jpg,42_Lk_02_04_RG.jpg,0.885,1,02_Ex_28_06_RG.jpg,0.703,0.183
obs-en-23-08.jpg,42_Lk_02_05_RG.jpg,42_Lk_02_05_RG.jpg,0.784,0.9,11_1Ki_03_11_RG.jpg,0.455,0.329
obs-en-23-09.jpg,40_Mt_02_02_RG.jpg,40_Mt_02_02_RG.jpg,0.865,1,40_Mt_02_01_RG.jpg,0.821,0.044
obs-en-23-10.jpg,40_Mt_02_07_RG.jpg,40_Mt_02_07_RG.jpg,0.872,0.9,44_Ac_09_31_RG.jpg,0.555,0.317
obs-en-24-01.jpg,40_Mt_03_01_RG.jpg,40_Mt_03_01_RG.jpg 41_Mk_01_01_RG.jpg,0.891,1,44_Ac_08_19_RG.jpg,0.649,0.242
obs-en-24-02.jpg,40_Mt_03_02_RG.jpg,40_Mt_03_02_RG.jpg 41_Mk_01_02_RG.jpg 42_Lk_03_03_RG.jpg,0.926,1,41_Mk_05_23_RG.jpg,0.569,0.358
obs-en-24-03.jpg,40_Mt_03_03_RG.jpg,40_Mt_03_03_RG.jpg 41_Mk_01_03_RG.jpg 42_Lk_03_04_RG.jpg,0.88,1,08_Ru_04_04_RG.jpg,0.652,0.228
obs-en-24-04.jpg,40_Mt_03_04_RG.jpg,40_Mt_03_04_RG.jpg 42_Lk_03_05_RG.jpg,0.527,0.9,18_Jb_42_01_RG.jpg,0.518,0.008
obs-en-24-05.jpg,42_Lk_03_06_RG.jpg,42_Lk_03_06_RG.jpg,0.918,0.9,18_Jb_02_06_RG.jpg,0.527,0.392
obs-en-24-06.jpg,43_Jn_01_04_RG.jpg,43_Jn_01_04_RG.jpg,0.899,0.9,40_Mt_13_20_RG.jpg,0.484,0.415
obs-en-24-07.jpg,40_Mt_03_07_RG.jpg,40_Mt_03_07_RG.jpg 41_Mk_01_06_RG.jpg,0.879,0.9,01_Ge_11_02_RG.jpg,0.462,0.418
obs-en-24-08.jpg,40_Mt_03_08_RG.jpg,40_Mt_03_08_RG.jpg 41_Mk_01_07_RG.jpg 42_Lk_03_11_RG.jpg 43_Jn_01_03_RG.jpg,0.853,1,01_Ge_03_10_RG.jpg,0.49,0.363
obs-en-24-09.jpg,40_Mt_03_05_RG.jpg,40_Mt_03_05_RG.jpg 41_Mk_01_04_RG.jpg 42_Lk_03_10_RG.jpg 43_Jn_01_01_RG.jpg,0.966,1,18_Jb_02_01_RG.jpg,0.753,0.212
obs-en-25-01.jpg,40_Mt_04_01_RG.jpg,40_Mt_04_01_RG.jpg 41_Mk_01_08_RG.jpg 42_Lk_04_01_RG.jpg,0.911,1,17_Es_04_05_RG.jpg,0.532,0.379
obs-en-25-02.jpg,41_Mk_01_09_RG.jpg,41_Mk_01_09_RG.jpg 42_Lk_04_02_RG.jpg,0.927,1,41_Mk_12_16_RG.jpg,0.673,0.254
obs-en-25-03.jpg,40_Mt_04_03_RG.jpg,40_Mt_04_03_RG.jpg 42_Lk_04_03_RG.jpg,0.881,1,16_Ne_01_01_RG.jpg,0.557,0.324
obs-en-25-04.jpg,40_Mt_04_04_RG.jpg,40_Mt_04_04_RG.jpg 42_Lk_04_04_RG.jpg,0.896,1,01_Ge_11_08_RG.jpg,0.515,0.381
obs-en-25-05.jpg,40_Mt_04_05_RG.jpg,40_Mt_04_05_RG.jpg 42_Lk_04_05_RG.jpg,0.92,1,02_Ex_25_02_RG.jpg,0.511,0.409
obs-en-25-06.jpg,40_Mt_04_06_RG.jpg,40_Mt_04_06_RG.jpg 42_Lk_04_06_RG.jpg,0.852,1,17_Es_08_02_RG.jpg,0.53,0.322
obs-en-25-07.jpg,40_Mt_04_07_RG.jpg,40_Mt_04_07_RG.jpg 42_Lk_04_07_RG.jpg,0.925,1,42_Lk_07_16_RG.jpg,0.596,0.329
obs-en-25-08.jpg,40_Mt_04_08_RG.jpg,40_Mt_04_08_RG.jpg 42_Lk_04_08_RG.jpg,0.84,1,09_1Sa_10_01_RG.jpg,0.573,0.267
obs-en-26-01.jpg,42_Lk_04_09_RG.jpg,42_Lk_04_09_RG.jpg,0.841,0.9,66_Re_19_02_RG.jpg,0.48,0.361
obs-en-26-02.jpg,42_Lk_04_10_RG.jpg,42_Lk_04_10_RG.jpg,0.871,1,44_Ac_17_09_RG.jpg,0.547,0.324
obs-en-26-03.jpg,42_Lk_04_11_RG.jpg,42_Lk_04_11_RG.jpg,0.863,1,11_1Ki_20_01_RG.jpg,0.585,0.277
obs-en-26-04.jpg,42_Lk_04_13_RG.jpg,42_Lk_04_13_RG.jpg,0.885,0.9,05_De_00_06_RG.jpg,0.556,0.329
obs-en-26-05.jpg,42_Lk_04_15_RG.jpg,42_Lk_04_15_RG.jpg,0.903,0.9,02_Ex_19_06_RG.jpg,0.646,0.257
obs-en-26-06.jpg,42_Lk_04_17_RG.jpg,42_Lk_04_17_RG.jpg,0.822,0.9,06_Jo_22_02_RG.jpg,0.45,0.372
obs-en-26-07.jpg,42_Lk_04_18_RG.jpg,42_Lk_04_18_RG.jpg,0.895,1,01_Ge_22_06_RG.jpg,0.545,0.35
obs-en-26-08.jpg,40_Mt_15_01_RG.jpg,40_Mt_15_01_RG.jpg 42_LK_04_22_RG.jpg,0.883,0.9,41_Mk_12_25_RG.jpg,0.613,0.269
obs-en-26-09.jpg,41_Mk_09_22_RG.jpg,41_Mk_09_22_RG.jpg 42_Lk_09_38_RG.jpg,0.852,1,06_Jo_07_03_RG.jpg,0.487,0.364
obs-en-26-10.jpg,40_Mt_10_01_RG.jpg,40_Mt_10_01_RG.jpg 41_Mk_03_02_RG.jpg 42_Lk_06_01_RG.jpg,0.857,0.9,43_Jn_20_05_RG.jpg,0.477,0.38
obs-en-27-01.jpg,42_Lk_10_01_RG.jpg,42_Lk_10_01_RG.jpg,0.803,0.9,11_1Ki_14_03_RG.jpg,0.5,0.302
obs-en-27-02.jpg,42_Lk_10_04_RG.jpg,42_Lk_10_04_RG.jpg,0.878,1,09_1Sa_23_04_RG.jpg,0.572,0.306
obs-en-27-03.jpg,42_Lk_10_03_RG.jpg,42_Lk_10_03_RG.jpg,0.895,1,44_Ac_28_09_RG.jpg,0.575,0.32
obs-en-27-04.jpg,42_Lk_10_05_RG.jpg,42_Lk_10_05_RG.jpg,0.963,0.9,01_Ge_29_01_RG.jpg,0.763,0.2
obs-en-27-05.jpg,42_Lk_10_06_RG.jpg,42_Lk_10_06_RG.jpg,0.856,1,40_Mt_08_05_RG.jpg,0.638,0.219
obs-en-27-06.jpg,42_Lk_10_07_RG.jpg,42_Lk_10_07_RG.jpg,0.931,1,01_Ge_40_08_RG.jpg,0.583,0.348
obs-en-27-07.jpg,42_Lk_10_08_RG.jpg,42_Lk_10_08_RG.jpg,0.755,0.9,05_De_31_04_RG.jpg,0.612,0.143
obs-en-27-08.jpg,42_Lk_10_09_RG.jpg,42_Lk_10_09_RG.jpg,0.92,1,40_Mt_21_01_RG.jpg,0.575,0.346
obs-en-27-09.jpg,42_Lk_10_10_RG.jpg,42_Lk_10_10_RG.jpg,0.921,1,44_Ac_06_09_RG.jpg,0.572,0.35
obs-en-27-10.jpg,42_Lk_10_11_RG.jpg,42_Lk_10_11_RG.jpg,0.854,1,43_Jn_11_10_RG.jpg,0.602,0.251
obs-en-27-11.jpg,42_Lk_10_12_RG.jpg,42_Lk_10_12_RG.jpg,0.889,1,17_Es_04_01_RG.jpg,0.546,0.343
obs-en-28-01.jpg,40_Mt_19_01_RG.jpg,40_Mt_19_01_RG.jpg 41_Mk_10_01_RG.jpg 42_Lk_18_07_RG.jpg,0.905,1,40_Mt_19_02_RG.jpg,0.546,0.359
obs-en-28-02.jpg,40_Mt_19_02_RG.jpg,40_Mt_19_02_RG.jpg 41_Mk_10_02_RG.jpg 42_Lk_18_08_RG.jpg,0.909,1,40_Mt_19_04_RG.jpg,0.596,0.313
obs-en-28-03.jpg,40_Mt_19_03_RG.jpg,40_Mt_19_03_RG.jpg 41_Mk_10_03_RG.jpg 42_Lk_18_09_RG.jpg,0.881,1,10_2Sa_10_06_RG.jpg,0.601,0.28
obs-en-28-04.jpg,40_Mt_19_04_RG.jpg,40_Mt_19_04_RG.jpg 41_Mk_10_04_RG.jpg 42_Lk_18_10_RG.jpg,0.875,1,08_Ru_03_01_RG.jpg,0.542,0.334
obs-en-28-05.jpg,40_Mt_19_05_RG.jpg,40_Mt_19_05_RG.jpg 41_Mk_10_05_RG.jpg 42_Lk_18_11_RG.jpg,0.869,1,40_Mt_19_02_RG.jpg,0.551,0.319
obs-en-28-06.jpg,40_Mt_19_06_RG.jpg,40_Mt_19_06_RG.jpg 41_Mk_10_06_RG.jpg 42_Lk_18_12_RG.jpg,0.856,1,44_Ac_03_01_RG.jpg,0.503,0.352
obs-en-28-07.jpg,41_Mk_10_07_RG.jpg,41_Mk_10_07_RG.jpg 42_Lk_18_13_RG.jpg,0.874,1,07_Ju_04_05_RG.jpg,0.634,0.24
obs-en-28-08.jpg,40_Mt_19_08_RG.jpg,40_Mt_19_08_RG.jpg 41_Mk_10_08_RG.jpg 42_Lk_18_14_RG.jpg,0.915,0.9,44_Ac_06_11_RG.jpg,0.573,0.342
obs-en-28-09.jpg,40_Mt_19_09_RG.jpg,40_Mt_19_09_RG.jpg 41_Mk_10_09_RG.jpg 42_Lk_18_15_RG.jpg,0.825,0.9,41_Mk_10_07_RG.jpg,0.555,0.27
obs-en-28-10.jpg,40_Mt_19_10_RG.jpg,40_Mt_19_10_RG.jpg 41_Mk_10_10_RG.jpg 42_Lk_18_16_RG.jpg,0.878,0.9,40_Mt_16_11_RG.jpg,0.71,0.168
obs-en-29-01.jpg,40_Mt_18_01_RG.jpg,40_Mt_18_01_RG.jpg,0.906,1,06_Jo_01_02_RG.jpg,0.617,0.288
obs-en-29-02.jpg,40_Mt_18_02_RG.jpg,40_Mt_18_02_RG.jpg,0.887,1,09_1Sa_15_06_RG.jpg,0.632,0.255
obs-en-29-03.jpg,40_Mt_18_04_RG.jpg,40_Mt_18_04_RG.jpg,0.882,1,01_Ge_24_11_RG.jpg,0.686,0.196
obs-en-29-04.jpg,40_Mt_18_05_RG.jpg,40_Mt_18_05_RG.jpg,0.898,1,01_Ge_13_03_RG.jpg,0.688,0.21
obs-en-29-05.jpg,40_Mt_18_03_RG.jpg,40_Mt_18_03_RG.jpg,0.893,1,41_Mk_12_16_RG.jpg,0.739,0.154
obs-en-29-06.jpg,40_Mt_18_07_RG.jpg,40_Mt_18_07_RG.jpg,0.944,1,43_Jn_11_10_RG.jpg,0.662,0.283
obs-en-29-07.jpg,40_Mt_18_09_RG.jpg,40_Mt_18_09_RG.jpg,0.87,1,10_2Sa_10_02_RG.jpg,0.608,0.262
obs-en-29-08.jpg,40_Mt_18_10_RG.jpg,40_Mt_18_10_RG.jpg,0.912,1,40_Mt_10_13_RG.jpg,0.561,0.351
obs-en-29-09.jpg,40_Mt_18_11_RG.jpg,40_Mt_18_11_RG.jpg,0.858,0.9,09_1Sa_16_11_RG.jpg,0.578,0.28
obs-en-30-01.jpg,40_Mt_14_11_RG.jpg,40_Mt_14_11_RG.jpg 41_Mk_06_12_RG.jpg 42_Lk_09_06_RG.jpg 43_Jn_06_01_RG.jpg,0.899,1,01_Ge_01_01_RG.jpg,0.614,0.285
obs-en-30-02.jpg,40_Mt_14_12_RG.jpg,40_Mt_14_12_RG.jpg 41_Mk_06_13_RG.jpg 42_Lk_09_07_RG.jpg,0.913,1,41_Mk_13_07_RG.jpg,0.632,0.282
obs-en-30-03.jpg,40_Mt_10_04_RG.jpg,40_Mt_10_04_RG.jpg 41_Mk_03_05_RG.jpg 42_Lk_09_01_RG.jpg,0.901,1,44_Ac_15_08_RG.jpg,0.52,0.381
obs-en-30-04.jpg,40_Mt_14_13_RG.jpg,40_Mt_14_13_RG.jpg 41_Mk_06_14_RG.jpg 42_Lk_09_08_RG.jpg 43_Jn_06_03_RG.jpg,0.912,0.9,42_Lk_07_15_RG.jpg,0.69,0.222
obs-en-30-05.jpg,40_Mt_14_14_RG.jpg,40_Mt_14_14_RG.jpg 41_Mk_06_15_RG.jpg 42_Lk_09_09_RG.jpg 43_Jn_06_04_RG.jpg,0.878,1,01_Ge_27_11_RG.jpg,0.511,0.367
obs-en-30-06.jpg,40_Mt_14_16_RG.jpg,40_Mt_14_16_RG.jpg 41_Mk_06_17_RG.jpg 42_Lk_09_11_RG.jpg 43_Jn_06_07_RG.jpg,0.91,0.9,01_Ge_01_04_RG.jpg,0.637,0.274
obs-en-30-07.jpg,40_Mt_14_17_RG.jpg,40_Mt_14_17_RG.jpg 41_Mk_06_18_RG.jpg 42_Lk_09_12_RG.jpg 43_Jn_06_08_RG.jpg,0.954,1,41_Mk_12_16_RG.jpg,0.585,0.37
obs-en-30-08.jpg,40_Mt_14_18_RG.jpg,40_Mt_14_18_RG.jpg 41_Mk_06_19_RG.jpg 42_Lk_09_13_RG.jpg 43_Jn_06_09_RG.jpg,0.913,0.9,17_Es_03_10_RG.jpg,0.66,0.253
obs-en-30-09.jpg,40_Mt_14_19_RG.jpg,40_Mt_14_19_RG.jpg 41_Mk_06_20_RG.jpg 42_Lk_09_14_RG.jpg 43_Jn_06_10_RG.jpg,0.881,1,11_1Ki_14_04_RG.jpg,0.492,0.389
obs-en-31-01.jpg,43_Jn_03_03_RG.jpg,43_Jn_03_03_RG.jpg,0.934,1,40_Mt_14_20_RG.jpg,0.933,0.001
obs-en-31-02.jpg,40_Mt_14_22_RG.jpg,40_Mt_14_22_RG.jpg 41_Mk_06_23_RG.jpg 43_Jn_06_13_RG.jpg,0.834,0.9,02_Ex_19_12_RG.jpg,0.745,0.089
obs-en-31-03.jpg,40_Mt_14_23_RG.jpg,40_Mt_14_23_RG.jpg 41_Mk_06_24_RG.jpg 43_Jn_06_14_RG.jpg,0.839,0.9,41_Mk_16_08_RG.jpg,0.437,0.402
obs-en-31-04.jpg,40_Mt_14_24_RG.jpg,40_Mt_14_24_RG.jpg 41_Mk_06_25_RG.jpg 43_Jn_06_15_RG.jpg,0.765,0.9,19_Ps_119_02_RG.jpg,0.487,0.278
obs-en-31-05.jpg,40_Mt_14_26_RG.jpg,40_Mt_14_26_RG.jpg,0.842,0.9,44_Ac_19_19_RG.jpg,0.566,0.277
obs-en-31-06.jpg,40_Mt_14_27_RG.jpg,40_Mt_14_27_RG.jpg,0.833,0.9,02_Ex_10_08_RG.jpg,0.536,0.297
obs-en-31-07.jpg,40_Mt_14_29_RG.jpg,40_Mt_14_29_RG.jpg,0.82,0.9,01_Ge_25_05_RG.jpg,0.514,0.306
obs-en-31-08.jpg,40_Mt_14_30_RG.jpg,40_Mt_14_30_RG.jpg 41_Mk_06_27_RG.jpg 43_Jn_06_17_RG.jpg,0.897,1,01_Ge_11_08_RG.jpg,0.624,0.273
obs-en-32-01.jpg,40_Mt_08_13_RG.jpg,40_Mt_08_13_RG.jpg 41_Mk_04_16_RG.jpg 42_Lk_08_15_RG.jpg,0.897,1,01_Ge_01_04_RG.jpg,0.66,0.238
obs-en-32-02.jpg,41_Mk_05_05_RG.jpg,41_Mk_05_05_RG.jpg 42_Lk_08_20_RG.jpg,0.923,1,02_Ex_04_17_RG.jpg,0.61,0.313
obs-en-32-03.jpg,40_Mt_08_16_RG.jpg,40_Mt_08_16_RG.jpg 41_Mk_05_03_RG.jpg 42_Lk_08_18_RG.jpg,0.849,0.9,40_Mt_28_06_RG.jpg,0.534,0.315
obs-en-32-04.jpg,40_Mt_08_17_RG.jpg,40_Mt_08_17_RG.jpg 41_Mk_05_04_RG.jpg 42_Lk_08_19_RG.jpg,0.905,1,01_Ge_01_04_RG.jpg,0.636,0.269
obs-en-32-05.jpg,41_Mk_05_06_RG.jpg,41_Mk_05_06_RG.jpg 42_Lk_08_21_RG.jpg,0.919,0.9,17_Es_02_05_RG.jpg,0.619,0.301
obs-en-32-06.jpg,41_Mk_05_07_RG.jpg,41_Mk_05_07_RG.jpg 42_Lk_08_22_RG.jpg,0.848,1,40_Mt_26_34_RG.jpg,0.603,0.245
obs-en-32-07.jpg,40_Mt_08_18_RG.jpg,40_Mt_08_18_RG.jpg 41_Mk_05_08_RG.jpg 42_Lk_08_23_RG.jpg,0.939,1,01_Ge_01_04_RG.jpg,0.782,0.156
obs-en-32-08.jpg,40_Mt_08_19_RG.jpg,40_Mt_08_19_RG.jpg 41_Mk_05_09_RG.jpg 42_Lk_08_24_RG.jpg,0.917,1,44_Ac_18_13_RG.jpg,0.679,0.238
obs-en-32-09.jpg,41_Mk_05_10_RG.jpg,41_Mk_05_10_RG.jpg 42_Lk_08_25_RG.jpg,0.939,1,44_Ac_27_02_RG.jpg,0.649,0.29
obs-en-32-10.jpg,41_Mk_05_11_RG.jpg,41_Mk_05_11_RG.jpg 42_Lk_08_26_RG.jpg,0.878,0.9,42_Lk_04_14_RG.jpg,0.554,0.323
obs-en-32-11.jpg,41_Mk_05_12_RG.jpg,41_Mk_05_12_RG.jpg 42_Lk_08_27_RG.jpg,0.86,1,40_Mt_22_07_RG.jpg,0.536,0.323
obs-en-32-12.jpg,41_Mk_05_13_RG.jpg,41_Mk_05_13_RG.jpg 42_Lk_08_28_RG.jpg,0.843,0.9,40_Mt_28_06_RG.jpg,0.61,0.233
obs-en-32-13.jpg,41_Mk_05_15_RG.jpg,41_Mk_05_15_RG.jpg 42_Lk_08_30_RG.jpg,0.85,0.9,24_Jer_36_05_RG.jpg,0.592,0.258
obs-en-32-14.jpg,41_Mk_05_16_RG.jpg,41_Mk_05_16_RG.jpg 42_Lk_08_31_RG.jpg,0.832,0.9,44_Ac_28_07_RG.jpg,0.525,0.306
obs-en-32-15.jpg,41_Mk_05_17_RG.jpg,41_Mk_05_17_RG.jpg 42_Lk_08_32_RG.jpg,0.931,0.9,40_Mt_26_12_RG.jpg,0.567,0.364
obs-en-32-16.jpg,41_Mk_05_18_RG.jpg,41_Mk_05_18_RG.jpg 42_Lk_08_33_RG.jpg,0.843,0.9,27_Da_06_01_RG.jpg,0.58,0.263
obs-en-33-01.jpg,40_Mt_13_06_RG.jpg,40_Mt_13_06_RG.jpg,0.882,1,40_Mt_16_02_RG.jpg,0.621,0.261
obs-en-33-02.jpg,40_Mt_13_01_RG.jpg,40_Mt_13_01_RG.jpg 41_Mk_04_01_RG.jpg 42_Lk_08_01_RG.jpg,0.933,1,01_Ge_01_04_RG.jpg,0.697,0.236
obs-en-33-03.jpg,44_Ac_24_03_RG.jpg,44_Ac_24_03_RG.jpg,0.531,0.7,01_Ge_01_01_RG.jpg,0.529,0.002
obs-en-33-04.jpg,40_Mt_13_03_RG.jpg,40_Mt_13_03_RG.jpg 41_Mk_04_03_RG.jpg 42_Lk_08_03_RG.jpg,0.852,1,01_Ge_01_04_RG.jpg,0.755,0.097
obs-en-33-05.jpg,40_Mt_13_04_RG.jpg,40_Mt_13_04_RG.jpg 41_Mk_04_04_RG.jpg 42_Lk_08_04_RG.jpg,0.881,1,04_Nu_21_01_RG.jpg,0.527,0.354
obs-en-33-06.jpg,40_Mt_13_05_RG.jpg,40_Mt_13_05_RG.jpg 41_Mk_04_05_RG.jpg 42_Lk_08_05_RG.jpg,0.849,1,41_Mk_10_21_RG.jpg,0.605,0.244
obs-en-33-07.jpg,41_Mk_10_12_RG.jpg,41_Mk_10_12_RG.jpg,0.92,1,44_Ac_10_04_RG.jpg,0.635,0.285
obs-en-33-08.jpg,40_Mt_13_07_RG.jpg,40_Mt_13_07_RG.jpg 41_Mk_04_06_RG.jpg 42_Lk_08_06_RG.jpg,0.882,1,07_Ju_04_08_RG.jpg,0.617,0.265
obs-en-33-09.jpg,40_Mt_05_03_RG.jpg,40_Mt_05_03_RG.jpg 42_Lk_06_14_RG.jpg,0.909,1,01_Ge_03_10_RG.jpg,0.741,0.168
obs-en-34-01.jpg,40_Mt_13_12_RG.jpg,40_Mt_13_12_RG.jpg 41_Mk_04_11_RG.jpg,0.909,1,44_Ac_15_02_RG.jpg,0.751,0.158
obs-en-34-02.jpg,40_Mt_13_13_RG.jpg,40_Mt_13_13_RG.jpg 41_Mk_04_12_RG.jpg,0.954,1,02_Ex_00_03_RG.jpg,0.654,0.3
obs-en-34-03.jpg,40_Mt_13_14_RG.jpg,40_Mt_13_14_RG.jpg,0.893,1,01_Ge_41_19_RG.jpg,0.562,0.331
obs-en-34-04.jpg,40_Mt_13_18_RG.jpg,40_Mt_13_18_RG.jpg,0.952,1,11_1Ki_21_10_RG.jpg,0.683,0.269
obs-en-34-05.jpg,40_Mt_13_19_RG.jpg,40_Mt_13_19_RG.jpg,0.93,1,17_Es_05_01_RG.jpg,0.697,0.233
obs-en-34-06.jpg,42_Lk_18_02_RG.jpg,42_Lk_18_02_RG.jpg,0.96,1,42_Lk_18_03_RG.jpg,0.693,0.267
obs-en-34-07.jpg,42_Lk_18_03_RG.jpg,42_Lk_18_03_RG.jpg,0.955,1,42_Lk_15_07_RG.jpg,0.707,0.248
obs-en-34-08.jpg,42_Lk_18_04_RG.jpg,42_Lk_18_04_RG.jpg,0.928,1,40_Mt_16_07_RG.jpg,0.712,0.216
obs-en-34-09.jpg,42_Lk_18_05_RG.jpg,42_Lk_18_05_RG.jpg,0.948,1,01_Ge_06_07_RG.jpg,0.733,0.215
obs-en-34-10.jpg,40_Mt_18_01_RG.jpg,40_Mt_18_01_RG.jpg,0.907,1,06_Jo_01_02_RG.jpg,0.62,0.286
obs-en-35-01.jpg,42_Lk_18_06_RG.jpg,42_Lk_18_06_RG.jpg,0.887,1,40_Mt_10_08_RG.jpg,0.653,0.234
obs-en-35-02.jpg,42_Lk_15_01_RG.jpg,42_Lk_15_01_RG.jpg,0.809,1,41_Mk_16_09_RG.jpg,0.459,0.35
obs-en-35-03.jpg,42_Lk_15_02_RG.jpg,42_Lk_15_02_RG.jpg,0.959,1,44_Ac_04_13_RG.jpg,0.755,0.204
obs-en-35-04.jpg,42_Lk_15_03_RG.jpg,42_Lk_15_03_RG.jpg,0.964,1,06_Jo_13_02_RG.jpg,0.697,0.267
obs-en-35-05.jpg,42_Lk_15_04_RG.jpg,42_Lk_15_04_RG.jpg,0.937,1,44_Ac_20_01_RG.jpg,0.584,0.353
obs-en-35-06.jpg,42_Lk_15_05_RG.jpg,42_Lk_15_05_RG.jpg,0.957,1,18_Jb_01_06_RG.jpg,0.74,0.217
obs-en-35-07.jpg,42_Lk_15_06_RG.jpg,42_Lk_15_06_RG.jpg,0.961,1,41_Mk_12_16_RG.jpg,0.708,0.253
obs-en-35-08.jpg,42_Lk_15_07_RG.jpg,42_Lk_15_07_RG.jpg,0.969,1,41_Mk_12_16_RG.jpg,0.777,0.191
obs-en-35-09.jpg,42_Lk_15_08_RG.jpg,42_Lk_15_08_RG.jpg,0.948,1,42_Lk_07_12_RG.jpg,0.737,0.21
obs-en-35-10.jpg,42_Lk_15_09_RG.jpg,42_Lk_15_09_RG.jpg,0.944,1,42_Lk_15_07_RG.jpg,0.646,0.298
obs-en-35-11.jpg,42_Lk_15_10_RG.jpg,42_Lk_15_10_RG.jpg,0.96,1,42_Lk_15_12_RG.jpg,0.723,0.236
obs-en-35-12.jpg,42_Lk_15_11_RG.jpg,42_Lk_15_11_RG.jpg,0.918,1,42_Lk_01_14_RG.jpg,0.569,0.349
obs-en-35-13.jpg,42_Lk_15_12_RG.jpg,42_Lk_15_12_RG.jpg,0.958,1,01_Ge_07_06_RG.jpg,0.665,0.292
obs-en-36-01.jpg,40_Mt_17_01_RG.jpg,40_Mt_17_01_RG.jpg 41_Mk_09_02_RG.jpg 42_Lk_09_23_RG.jpg,0.931,1,17_Es_05_01_RG.jpg,0.56,0.371
obs-en-36-02.jpg,40_Mt_17_02_RG.jpg,40_Mt_17_02_RG.jpg 41_Mk_09_03_RG.jpg 42_Lk_09_24_RG.jpg,0.907,1,41_Mk_13_07_RG.jpg,0.484,0.423
obs-en-36-03.jpg,40_Mt_17_03_RG.jpg,40_Mt_17_03_RG.jpg 41_Mk_09_04_RG.jpg 42_Lk_09_25_RG.jpg,0.893,1,02_Ex_02_17_RG.jpg,0.438,0.456
obs-en-36-04.jpg,40_Mt_17_04_RG.jpg,40_Mt_17_04_RG.jpg 41_Mk_09_05_RG.jpg 42_Lk_09_26_RG.jpg,0.851,1,02_Ex_00_22_RG.jpg,0.35,0.501
obs-en-36-05.jpg,40_Mt_17_05_RG.jpg,40_Mt_17_05_RG.jpg 41_Mk_09_06_RG.jpg 42_Lk_09_27_RG.jpg,0.937,1,66_Re_01_02_RG.jpg,0.666,0.271
obs-en-36-06.jpg,40_Mt_17_06_RG.jpg,40_Mt_17_06_RG.jpg,0.898,0.9,40_Mt_21_04_RG.jpg,0.536,0.362
obs-en-36-07.jpg,40_Mt_17_07_RG.jpg,40_Mt_17_07_RG.jpg 41_Mk_09_07_RG.jpg,0.851,1,40_Mt_26_02_RG.jpg,0.588,0.263
obs-en-37-01.jpg,43_Jn_11_02_RG.jpg,43_Jn_11_02_RG.jpg,0.832,1,32_Jon_04_03_RG.jpg,0.476,0.356
obs-en-37-02.jpg,43_Jn_11_03_RG.jpg,43_Jn_11_03_RG.jpg,0.807,0.9,17_Es_06_02_RG.jpg,0.472,0.335
obs-en-37-03.jpg,43_Jn_13_06_RG.jpg,43_Jn_13_06_RG.jpg,0.82,0.9,27_Da_02_08_RG.jpg,0.598,0.222
obs-en-37-04.jpg,43_Jn_11_04_RG.jpg,43_Jn_11_04_RG.jpg,0.856,1,44_Ac_16_20_RG.jpg,0.454,0.402
obs-en-37-05.jpg,43_Jn_11_05_RG.jpg,43_Jn_11_05_RG.jpg,0.724,0.9,11_1Ki_01_03_RG.jpg,0.567,0.157
obs-en-37-06.jpg,43_Jn_11_06_RG.jpg,43_Jn_11_06_RG.jpg,0.863,0.9,08_Ru_04_04_RG.jpg,0.632,0.23
obs-en-37-07.jpg,43_Jn_11_07_RG.jpg,43_Jn_11_07_RG.jpg,0.925,0.9,40_Mt_28_05_RG.jpg,0.623,0.301
obs-en-37-08.jpg,43_Jn_11_08_RG.jpg,43_Jn_11_08_RG.jpg,0.88,0.9,42_Lk_24_07_RG.jpg,0.585,0.296
obs-en-37-09.jpg,43_Jn_11_09_RG.jpg,43_Jn_11_09_RG.jpg,0.882,1,40_Mt_03_07_RG.jpg,0.49,0.392
obs-en-37-10.jpg,43_Jn_11_11_RG.jpg,43_Jn_11_11_RG.jpg,0.828,1,01_Ge_19_13_RG.jpg,0.474,0.353
obs-en-37-11.jpg,43_Jn_11_12_RG.jpg,43_Jn_11_12_RG.jpg,0.897,1,10_2Sa_12_04_RG.jpg,0.616,0.28
obs-en-38-01.jpg,40_Mt_26_16_RG.jpg,40_Mt_26_16_RG.jpg 41_Mk_14_16_RG.jpg 42_Lk_22_16_RG.jpg,0.866,1,40_Mt_03_05_RG.jpg,0.58,0.286
obs-en-38-02.jpg,40_Mt_26_04_RG.jpg,40_Mt_26_04_RG.jpg 41_Mk_14_04_RG.jpg 42_Lk_22_03_RG.jpg,0.856,0.9,44_Ac_16_11_RG.jpg,0.52,0.336
obs-en-38-03.jpg,40_Mt_26_05_RG.jpg,40_Mt_26_05_RG.jpg 41_Mk_14_05_RG.jpg 42_Lk_22_04_RG.jpg,0.86,0.9,44_Ac_10_02_RG.jpg,0.595,0.264
obs-en-38-04.jpg,40_Mt_26_14_RG.jpg,40_Mt_26_14_RG.jpg 41_Mk_14_14_RG.jpg 42_Lk_22_14_RG.jpg,0.923,0.9,18_Jb_01_10_RG.jpg,0.518,0.405
obs-en-38-05.jpg,40_Mt_26_15_RG.jpg,40_Mt_26_15_RG.jpg 41_Mk_14_15_RG.jpg 42_Lk_22_15_RG.jpg,0.898,0.9,12_2Ki_02_06_RG.jpg,0.538,0.36
obs-en-38-06.jpg,40_Mt_26_13_RG.jpg,40_Mt_26_13_RG.jpg 41_Mk_14_13_RG.jpg 42_Lk_22_13_RG.jpg 43_Jn_13_07_RG.jpg,0.882,0.9,01_Ge_01_05_RG.jpg,0.602,0.281
obs-en-38-07.jpg,43_Jn_13_08_RG.jpg,43_Jn_13_08_RG.jpg,0.871,1,40_Mt_08_18_RG.jpg,0.673,0.198
obs-en-38-08.jpg,40_Mt_26_17_RG.jpg,40_Mt_26_17_RG.jpg 41_Mk_14_17_RG.jpg,0.813,0.9,18_Jb_02_06_RG.jpg,0.46,0.353
obs-en-38-09.jpg,40_Mt_26_18_RG.jpg,40_Mt_26_18_RG.jpg 42_Lk_22_17_RG.jpg 43_Jn_13_09_RG.jpg,0.867,0.9,40_Mt_26_19_RG.jpg,0.754,0.113
obs-en-38-10.jpg,40_Mt_26_21_RG.jpg,40_Mt_26_21_RG.jpg 41_Mk_14_21_RG.jpg 42_Lk_22_20_RG.jpg 43_Jn_13_12_RG.jpg,0.805,0.9,40_Mt_26_38_RG.jpg,0.465,0.34
obs-en-38-11.jpg,40_Mt_26_23_RG.jpg,40_Mt_26_23_RG.jpg 41_Mk_14_23_RG.jpg 42_Lk_22_22_RG.jpg 43_Jn_18_01_RG.jpg,0.913,0.9,01_Ge_12_11_RG.jpg,0.519,0.395
obs-en-38-12.jpg,40_Mt_26_24_RG.jpg,40_Mt_26_24_RG.jpg 41_Mk_14_24_RG.jpg 42_Lk_22_23_RG.jpg 43_Jn_17_01_RG.jpg,0.872,0.9,40_Mt_27_04_RG.jpg,0.517,0.356
obs-en-38-13.jpg,40_Mt_26_26_RG.jpg,40_Mt_26_26_RG.jpg 41_Mk_14_26_RG.jpg 42_Lk_22_25_RG.jpg,0.839,0.9,40_Mt_15_01_RG.jpg,0.543,0.295
obs-en-38-14.jpg,40_Mt_26_27_RG.jpg,40_Mt_26_27_RG.jpg 41_Mk_14_27_RG.jpg 42_Lk_22_26_RG.jpg,0.794,0.9,01_Ge_11_07_RG.jpg,0.42,0.374
obs-en-38-15.jpg,40_Mt_26_28_RG.jpg,40_Mt_26_28_RG.jpg 41_Mk_14_28_RG.jpg 42_Lk_22_27_RG.jpg 43_Jn_18_02_RG.jpg,0.805,0.9,41_Mk_10_15_RG.jpg,0.46,0.346
obs-en-39-01.jpg,40_Mt_26_29_RG.jpg,40_Mt_26_29_RG.jpg 41_Mk_14_29_RG.jpg 42_Lk_22_28_RG.jpg 43_Jn_18_03_RG.jpg,0.907,0.9,17_Es_08_02_RG.jpg,0.528,0.379
obs-en-39-02.jpg,40_Mt_26_31_RG.jpg,40_Mt_26_31_RG.jpg 41_Mk_14_31_RG.jpg,0.922,0.9,42_Lk_02_01_RG.jpg,0.508,0.413
obs-en-39-03.jpg,40_Mt_26_33_RG.jpg,40_Mt_26_33_RG.jpg 41_Mk_14_33_RG.jpg 42_Lk_22_29_RG.jpg,0.897,0.9,01_Ge_03_09_RG.jpg,0.664,0.233
obs-en-39-04.jpg,40_Mt_26_34_RG.jpg,40_Mt_26_34_RG.jpg 41_Mk_14_34_RG.jpg,0.904,0.9,41_Mk_05_07_RG.jpg,0.567,0.337
obs-en-39-05.jpg,40_Mt_26_35_RG.jpg,40_Mt_26_35_RG.jpg 41_Mk_14_35_RG.jpg 42_Lk_22_30_RG.jpg,0.873,1,12_2Ki_02_03_RG.jpg,0.591,0.282
obs-en-39-06.jpg,40_Mt_26_36_RG.jpg,40_Mt_26_36_RG.jpg 41_Mk_14_36_RG.jpg 42_Lk_22_31_RG.jpg 43_Jn_18_04_RG.jpg,0.925,0.9,42_Lk_02_01_RG.jpg,0.606,0.32
obs-en-39-07.jpg,40_Mt_26_38_RG.jpg,40_Mt_26_38_RG.jpg 41_Mk_14_38_RG.jpg 42_Lk_22_33_RG.jpg,0.918,0.9,44_Ac_05_02_RG.jpg,0.707,0.211
obs-en-39-08.jpg,40_Mt_26_39_RG.jpg,40_Mt_26_39_RG.jpg 41_Mk_14_39_RG.jpg 42_Lk_22_34_RG.jpg,0.957,1,15_Ezr_09_03_RG.jpg,0.707,0.25
obs-en-39-09.jpg,40_Mt_27_02_RG.jpg,40_Mt_27_02_RG.jpg 41_Mk_15_02_RG.jpg 42_Lk_23_02_RG.jpg 43_Jn_18_07_RG.jpg,0.884,0.9,11_1Ki_11_05_RG.jpg,0.559,0.326
obs-en-39-10.jpg,40_Mt_27_03_RG.jpg,40_Mt_27_03_RG.jpg 41_Mk_15_03_RG.jpg 42_Lk_23_03_RG.jpg 43_Jn_18_08_RG.jpg,0.844,0.9,07_Ju_16_05_RG.jpg,0.673,0.171
obs-en-39-11.jpg,40_Mt_27_04_RG.jpg,40_Mt_27_04_RG.jpg 41_Mk_15_04_RG.jpg 42_Lk_23_05_RG.jpg 43_Jn_18_10_RG.jpg,0.867,1,05_De_05_01_RG.jpg,0.562,0.304
obs-en-39-12.jpg,40_Mt_27_05_RG.jpg,40_Mt_27_05_RG.jpg 41_Mk_15_05_RG.jpg 42_Lk_23_06_RG.jpg 43_Jn_19_01_RG.jpg,0.816,0.9,12_2Ki_23_07_RG.jpg,0.596,0.22
obs-en-40-01.jpg,40_Mt_27_08_RG.jpg,40_Mt_27_08_RG.jpg 41_Mk_15_09_RG.jpg 43_Jn_19_05_RG.jpg,0.874,1,07_Ju_15_01_RG.jpg,0.442,0.432
obs-en-40-02.jpg,40_Mt_27_10_RG.jpg,40_Mt_27_10_RG.jpg 41_Mk_15_11_RG.jpg 42_Lk_23_11_RG.jpg 43_Jn_19_06_RG.jpg,0.792,1,41_Mk_12_15_RG.jpg,0.451,0.34
obs-en-40-03.jpg,40_Mt_27_11_RG.jpg,40_Mt_27_11_RG.jpg 41_Mk_15_12_RG.jpg 42_Lk_23_12_RG.jpg 43_Jn_19_07_RG.jpg,0.84,1,44_Ac_09_19_RG.jpg,0.453,0.386
obs-en-40-04.jpg,40_Mt_27_12_RG.jpg,40_Mt_27_12_RG.jpg 41_Mk_15_13_RG.jpg 42_Lk_23_13_RG.jpg 43_Jn_19_08_RG.jpg,0.914,1,07_Ju_15_10_RG.jpg,0.447,0.467
obs-en-40-05.jpg,40_Mt_27_13_RG.jpg,40_Mt_27_13_RG.jpg 41_Mk_15_14_RG.jpg 42_Lk_23_14_RG.jpg,0.819,0.9,17_Es_09_05_RG.jpg,0.469,0.349
obs-en-40-06.jpg,40_Mt_27_15_RG.jpg,40_Mt_27_15_RG.jpg 41_Mk_15_16_RG.jpg 42_Lk_23_16_RG.jpg,0.808,0.9,01_Ge_01_06_RG.jpg,0.417,0.39
obs-en-40-07.jpg,40_Mt_27_16_RG.jpg,40_Mt_27_16_RG.jpg 41_Mk_15_17_RG.jpg 42_Lk_23_17_RG.jpg 43_Jn_19_09_RG.jpg,0.884,0.9,40_Mt_05_03_RG.jpg,0.762,0.122
obs-en-40-08.jpg,40_Mt_27_18_RG.jpg,40_Mt_27_18_RG.jpg 41_Mk_15_19_RG.jpg 42_Lk_23_19_RG.jpg,0.811,0.9,17_Es_07_03_RG.jpg,0.547,0.264
obs-en-40-09.jpg,40_Mt_27_20_RG.jpg,40_Mt_27_20_RG.jpg 41_Mk_15_21_RG.jpg 42_Lk_23_21_RG.jpg,0.874,1,01_Ge_01_03_RG.jpg,0.551,0.323
obs-en-41-01.jpg,40_Mt_27_21_RG.jpg,40_Mt_27_21_RG.jpg,0.864,1,02_Ex_12_10_RG.jpg,0.67,0.194
obs-en-41-02.jpg,40_Mt_27_22_RG.jpg,40_Mt_27_22_RG.jpg 41_Mk_15_22_RG.jpg,0.883,0.9,42_Lk_24_12_RG.jpg,0.577,0.306
obs-en-41-03.jpg,40_Mt_28_01_RG.jpg,40_Mt_28_01_RG.jpg 41_Mk_16_01_RG.jpg 42_Lk_24_01_RG.jpg 43_Jn_20_01_RG.jpg,0.89,0.9,01_Ge_28_08_RG.jpg,0.713,0.177
obs-en-41-04.jpg,40_Mt_28_02_RG.jpg,40_Mt_28_02_RG.jpg 41_Mk_16_02_RG.jpg 42_Lk_24_02_RG.jpg 43_Jn_20_02_RG.jpg,0.794,1,07_Ju_04_04_RG.jpg,0.535,0.26
obs-en-41-05.jpg,40_Mt_28_04_RG.jpg,40_Mt_28_04_RG.jpg 41_Mk_16_04_RG.jpg 42_Lk_24_04_RG.jpg,0.965,0.9,01_Ge_01_09_RG.jpg,0.657,0.308
obs-en-41-06.jpg,40_Mt_28_05_RG.jpg,40_Mt_28_05_RG.jpg 41_Mk_16_05_RG.jpg 42_Lk_24_05_RG.jpg,0.946,0.9,44_Ac_18_20_RG.jpg,0.693,0.253
obs-en-41-07.jpg,40_Mt_28_06_RG.jpg,40_Mt_28_06_RG.jpg 41_Mk_16_06_RG.jpg 42_Lk_24_06_RG.jpg,0.935,0.9,44_Ac_02_08_RG.jpg,0.682,0.253
obs-en-41-08.jpg,42_Lk_24_07_RG.jpg,42_Lk_24_07_RG.jpg,0.974,0.9,04_Nu_22_02_RG.jpg,0.721,0.253
obs-en-42-01.jpg,41_Mk_16_07_RG.jpg,41_Mk_16_07_RG.jpg 42_Lk_24_08_RG.jpg,0.888,1,01_Ge_01_03_RG.jpg,0.625,0.263
obs-en-42-02.jpg,42_Lk_24_12_RG.jpg,42_Lk_24_12_RG.jpg,0.941,0.9,02_Ex_01_15_RG.jpg,0.651,0.29
obs-en-42-03.jpg,42_Lk_24_14_RG.jpg,42_Lk_24_14_RG.jpg,0.909,0.9,44_Ac_17_21_RG.jpg,0.561,0.347
obs-en-42-04.jpg,42_Lk_24_17_RG.jpg,42_Lk_24_17_RG.jpg,0.98,0.9,10_2Sa_12_01_RG.jpg,0.537,0.444
obs-en-42-05.jpg,42_Lk_24_18_RG.jpg,42_Lk_24_18_RG.jpg,0.852,0.9,02_Ex_16_04_RG.jpg,0.445,0.407
obs-en-42-06.jpg,42_Lk_24_19_RG.jpg,42_Lk_24_19_RG.jpg,0.843,0.9,09_1Sa_15_04_RG.jpg,0.605,0.238
obs-en-42-07.jpg,42_Lk_24_20_RG.jpg,42_Lk_24_20_RG.jpg,0.983,0.9,44_Ac_20_06_RG.jpg,0.6,0.383
obs-en-42-08.jpg,41_Mk_16_08_RG.jpg,41_Mk_16_08_RG.jpg 42_Lk_24_21_RG.jpg 43_Jn_20_07_RG.jpg,0.86,1,12_2Ki_23_07_RG.jpg,0.526,0.334
obs-en-42-09.jpg,40_Mt_28_08_RG.jpg,40_Mt_28_08_RG.jpg,0.894,0.9,43_Jn_04_09_RG.jpg,0.622,0.272
obs-en-42-10.jpg,40_Mt_10_03_RG.jpg,40_Mt_10_03_RG.jpg 41_Mk_03_04_RG.jpg 42_Lk_06_03_RG.jpg,0.426,0.7,44_Ac_19_02_RG.jpg,0.423,0.003
obs-en-42-11.jpg,41_Mk_16_09_RG.jpg,41_Mk_16_09_RG.jpg 42_Lk_24_22_RG.jpg 44_Ac_01_03_RG.jpg,0.918,0.9,01_Ge_01_04_RG.jpg,0.758,0.16
obs-en-43-01.jpg,44_Ac_01_11_RG.jpg,44_Ac_01_11_RG.jpg 44_Ac_02_01_RG.jpg,0.913,0.9,02_Ex_02_20_RG.jpg,0.608,0.305
obs-en-43-02.jpg,44_Ac_01_09_RG.jpg,44_Ac_01_09_RG.jpg,0.87,0.9,40_Mt_03_03_RG.jpg,0.61,0.26
obs-en-43-03.jpg,44_Ac_02_02_RG.jpg,44_Ac_02_02_RG.jpg,0.942,1,05_De_31_04_RG.jpg,0.7,0.242
obs-en-43-04.jpg,44_Ac_02_03_RG.jpg,44_Ac_02_03_RG.jpg,0.855,1,06_Jo_07_05_RG.jpg,0.492,0.363
obs-en-43-05.jpg,44_Ac_02_04_RG.jpg,44_Ac_02_04_RG.jpg,0.882,1,41_Mk_12_24_RG.jpg,0.615,0.267
obs-en-43-06.jpg,44_Ac_02_05_RG.jpg,44_Ac_02_05_RG.jpg,0.857,1,01_Ge_29_03_RG.jpg,0.528,0.329
obs-en-43-07.jpg,44_Ac_02_06_RG.jpg,44_Ac_02_06_RG.jpg,0.891,1,02_Ex_01_12_RG.jpg,0.577,0.314
obs-en-43-08.jpg,44_Ac_02_07_RG.jpg,44_Ac_02_07_RG.jpg,0.923,0.9,40_Mt_13_02_RG.jpg,0.674,0.249
obs-en-43-09.jpg,44_Ac_02_08_RG.jpg,44_Ac_02_08_RG.jpg,0.908,1,40_Mt_28_06_RG.jpg,0.669,0.239
obs-en-43-10.jpg,44_Ac_03_07_RG.jpg,44_Ac_03_07_RG.jpg,0.681,0.9,40_Mt_08_18_RG.jpg,0.681,0.0
obs-en-43-11.jpg,44_Ac_02_10_RG.jpg,44_Ac_02_10_RG.jpg,0.922,1,44_Ac_17_14_RG.jpg,0.582,0.341
obs-en-43-12.jpg,44_Ac_02_11_RG.jpg,44_Ac_02_11_RG.jpg,0.853,0.9,06_Jo_10_06_RG.jpg,0.59,0.263
obs-en-43-13.jpg,44_Ac_02_12_RG.jpg,44_Ac_02_12_RG.jpg,0.833,0.9,01_Ge_19_05_RG.jpg,0.513,0.32
obs-en-44-01.jpg,44_Ac_03_02_RG.jpg,44_Ac_03_02_RG.jpg,0.892,1,01_Ge_12_04_RG.jpg,0.672,0.22
obs-en-44-02.jpg,44_Ac_03_03_RG.jpg,44_Ac_03_03_RG.jpg,0.928,1,02_Ex_01_09_RG.jpg,0.655,0.272
obs-en-44-03.jpg,44_Ac_03_05_RG.jpg,44_Ac_03_05_RG.jpg,0.864,1,02_Ex_12_10_RG.jpg,0.624,0.24
obs-en-44-04.jpg,44_Ac_03_06_RG.jpg,44_Ac_03_06_RG.jpg,0.857,1,09_1Sa_17_04_RG.jpg,0.493,0.364
obs-en-44-05.jpg,44_Ac_03_07_RG.jpg,44_Ac_03_07_RG.jpg,0.881,1,01_Ge_01_01_RG.jpg,0.605,0.275
obs-en-44-06.jpg,44_Ac_04_01_RG.jpg,44_Ac_04_01_RG.jpg,0.87,1,62_1Jn_03_01_RG.jpg,0.552,0.318
obs-en-44-07.jpg,44_Ac_04_02_RG.jpg,44_Ac_04_02_RG.jpg,0.964,0.9,02_Ex_10_09_RG.jpg,0.545,0.418
obs-en-44-08.jpg,44_Ac_04_04_RG.jpg,44_Ac_04_04_RG.jpg,0.906,1,42_Lk_15_09_RG.jpg,0.576,0.33
obs-en-44-09.jpg,44_Ac_04_06_RG.jpg,44_Ac_04_06_RG.jpg,0.938,0.9,12_2Ki_04_05_RG.jpg,0.635,0.303
obs-en-45-01.jpg,44_Ac_06_07_RG.jpg,44_Ac_06_07_RG.jpg,0.854,1,40_Mt_08_18_RG.jpg,0.511,0.343
obs-en-45-02.jpg,44_Ac_06_08_RG.jpg,44_Ac_06_08_RG.jpg,0.859,1,44_Ac_09_27_RG.jpg,0.527,0.332
obs-en-45-03.jpg,44_Ac_06_11_RG.jpg,44_Ac_06_11_RG.jpg,0.942,0.9,08_Ru_02_06_RG.jpg,0.746,0.196
obs-en-45-04.jpg,44_Ac_07_02_RG.jpg,44_Ac_07_02_RG.jpg,0.914,1,11_1Ki_12_02_RG.jpg,0.756,0.158
obs-en-45-05.jpg,44_Ac_07_03_RG.jpg,44_Ac_07_03_RG.jpg,0.904,1,32_Jon_01_06_RG.jpg,0.552,0.352
obs-en-45-06.jpg,44_Ac_07_04_RG.jpg,44_Ac_07_04_RG.jpg,0.714,1,44_Ac_25_01_RG.jpg,0.626,0.088
obs-en-45-07.jpg,44_Ac_08_12_RG.jpg,44_Ac_08_12_RG.jpg,0.85,0.9,01_Ge_18_11_RG.jpg,0.593,0.257
obs-en-45-08.jpg,44_Ac_08_13_RG.jpg,44_Ac_08_13_RG.jpg,0.918,1,24_Jer_36_05_RG.jpg,0.644,0.274
obs-en-45-09.jpg,44_Ac_08_14_RG.jpg,44_Ac_08_14_RG.jpg,0.939,1,09_1Sa_10_03_RG.jpg,0.647,0.292
obs-en-45-10.jpg,44_Ac_05_04_RG.jpg,44_Ac_05_04_RG.jpg,0.65,0.7,01_Ge_01_03_RG.jpg,0.632,0.018
obs-en-45-11.jpg,44_Ac_08_20_RG.jpg,44_Ac_08_20_RG.jpg,0.864,1,02_Ex_19_08_RG.jpg,0.482,0.381
obs-en-45-12.jpg,44_Ac_08_21_RG.jpg,44_Ac_08_21_RG.jpg,0.889,1,44_Ac_09_02_RG.jpg,0.458,0.431
obs-en-45-13.jpg,44_Ac_08_22_RG.jpg,44_Ac_08_22_RG.jpg,0.951,1,18_Jb_01_06_RG.jpg,0.666,0.285
obs-en-46-01.jpg,44_Ac_09_01_RG.jpg,44_Ac_09_01_RG.jpg,0.889,1,02_Ex_01_11_RG.jpg,0.639,0.25
obs-en-46-02.jpg,44_Ac_09_02_RG.jpg,44_Ac_09_02_RG.jpg,0.89,1,44_Ac_12_07_RG.jpg,0.595,0.295
obs-en-46-03.jpg,44_Ac_09_05_RG.jpg,44_Ac_09_05_RG.jpg,0.855,0.9,44_Ac_19_13_RG.jpg,0.491,0.364
obs-en-46-04.jpg,44_Ac_09_06_RG.jpg,44_Ac_09_06_RG.jpg,0.9,0.9,17_Es_05_02_RG.jpg,0.619,0.281
obs-en-46-05.jpg,44_Ac_09_10_RG.jpg,44_Ac_09_10_RG.jpg,0.909,1,40_Mt_16_04_RG.jpg,0.684,0.224
obs-en-46-06.jpg,44_Ac_09_15_RG.jpg,44_Ac_09_15_RG.jpg,0.896,1,01_Ge_01_03_RG.jpg,0.617,0.279
obs-en-46-07.jpg,44_Ac_09_17_RG.jpg,44_Ac_09_17_RG.jpg,0.87,1,02_Ex_20_02_RG.jpg,0.379,0.491
obs-en-46-08.jpg,44_Ac_09_18_RG.jpg,44_Ac_09_18_RG.jpg,0.927,0.9,02_Ex_02_05_RG.jpg,0.57,0.357
obs-en-46-09.jpg,44_Ac_09_20_RG.jpg,44_Ac_09_20_RG.jpg,0.92,0.9,09_1Sa_28_02_RG.jpg,0.603,0.317
obs-en-46-10.jpg,44_Ac_09_21_RG.jpg,44_Ac_09_21_RG.jpg,0.957,0.9,44_Ac_15_02_RG.jpg,0.671,0.285
obs-en-47-01.jpg,44_Ac_17_23_RG.jpg,44_Ac_17_23_RG.jpg,0.832,0.9,44_Ac_01_02_RG.jpg,0.577,0.255
obs-en-47-02.jpg,44_Ac_16_09_RG.jpg,44_Ac_16_09_RG.jpg,0.885,0.9,44_Ac_11_01_RG.jpg,0.588,0.298
obs-en-47-03.jpg,44_Ac_16_10_RG.jpg,44_Ac_16_10_RG.jpg,0.76,1,12_2Ki_02_08_RG.jpg,0.437,0.323
obs-en-47-04.jpg,44_Ac_16_11_RG.jpg,44_Ac_16_11_RG.jpg,0.869,0.9,02_Ex_14_14_RG.jpg,0.578,0.291
obs-en-47-05.jpg,44_Ac_16_12_RG.jpg,44_Ac_16_12_RG.jpg,0.853,0.9,02_Ex_03_02_RG.jpg,0.655,0.198
obs-en-47-06.jpg,44_Ac_16_13_RG.jpg,44_Ac_16_13_RG.jpg,0.787,0.9,02_Ex_03_07_RG.jpg,0.548,0.239
obs-en-47-07.jpg,44_Ac_16_14_RG.jpg,44_Ac_16_14_RG.jpg,0.825,0.9,44_Ac_17_18_RG.jpg,0.513,0.312
obs-en-47-08.jpg,44_Ac_16_15_RG.jpg,44_Ac_16_15_RG.jpg,0.701,0.9,12_2Ki_22_04_RG.jpg,0.576,0.125
obs-en-47-09.jpg,01_Ge_27_11_RG.jpg,01_Ge_27_11_RG.jpg,0.626,0.8,01_Ge_13_03_RG.jpg,0.59,0.036
obs-en-47-10.jpg,44_Ac_16_17_RG.jpg,44_Ac_16_17_RG.jpg,0.763,0.9,44_Ac_02_05_RG.jpg,0.477,0.287
obs-en-47-11.jpg,44_Ac_16_18_RG.jpg,44_Ac_16_18_RG.jpg,0.767,0.9,01_Ge_11_08_RG.jpg,0.573,0.194
obs-en-47-12.jpg,40_Mt_10_03_RG.jpg,40_Mt_10_03_RG.jpg 41_Mk_03_04_RG.jpg 42_Lk_06_03_RG.jpg,0.426,0.7,44_Ac_19_02_RG.jpg,0.423,0.003
obs-en-47-13.jpg,44_Ac_16_20_RG.jpg,44_Ac_16_20_RG.jpg,0.76,0.9,02_Ex_02_14_RG.jpg,0.563,0.197
obs-en-47-14.jpg,55_2Ti_04_01_RG.jpg,55_2Ti_04_01_RG.jpg,0.927,0.9,40_Mt_26_39_RG.jpg,0.755,0.173
obs-en-48-01.jpg,01_Ge_02_12_RG.jpg,01_Ge_02_12_RG.jpg,0.864,1,01_Ge_01_03_RG.jpg,0.783,0.081
obs-en-48-02.jpg,01_Ge_03_01_RG.jpg,01_Ge_03_01_RG.jpg,0.903,1,12_2Ki_02_08_RG.jpg,0.47,0.433
obs-en-48-03.jpg,01_Ge_03_06_RG.jpg,01_Ge_03_06_RG.jpg,0.843,0.9,08_Ru_04_04_RG.jpg,0.739,0.104
obs-en-48-04.jpg,01_Ge_03_08_RG.jpg,01_Ge_03_08_RG.jpg,0.952,1,02_Ex_01_04_RG.jpg,0.595,0.357
obs-en-48-05.jpg,01_Ge_06_12_RG.jpg,01_Ge_06_12_RG.jpg 01_Ge_07_05_RG.jpg,0.746,1,44_Ac_17_14_RG.jpg,0.502,0.244
obs-en-48-06.jpg,02_Ex_29_02_RG.jpg,02_Ex_29_02_RG.jpg,0.855,1,01_Ge_18_20_RG.jpg,0.545,0.31
obs-en-48-07.jpg,01_Ge_11_01_RG.jpg,01_Ge_11_01_RG.jpg 01_Ge_22_11_RG.jpg,0.894,1,02_Ex_02_25_RG.jpg,0.879,0.015
obs-en-48-08.jpg,01_Ge_22_08_RG.jpg,01_Ge_22_08_RG.jpg,0.839,1,44_Ac_17_16_RG.jpg,0.555,0.284
obs-en-48-09.jpg,02_Ex_12_01_RG.jpg,02_Ex_12_01_RG.jpg,0.846,1,32_Jon_01_02_RG.jpg,0.582,0.264
obs-en-48-10.jpg,02_Ex_12_02_RG.jpg,02_Ex_12_02_RG.jpg,0.899,1,01_Ge_07_06_RG.jpg,0.638,0.26
obs-en-48-11.jpg,02_Ex_19_10_RG.jpg,02_Ex_19_10_RG.jpg,0.864,1,10_2Sa_09_02_RG.jpg,0.408,0.456
obs-en-48-12.jpg,02_Ex_20_02_RG.jpg,02_Ex_20_02_RG.jpg 02_Ex_35_01_RG.jpg,0.924,1,02_Ex_32_02_RG.jpg,0.713,0.212
obs-en-48-13.jpg,10_2Sa_09_03_RG.jpg,10_2Sa_09_03_RG.jpg,0.89,1,40_Mt_13_01_RG.jpg,0.569,0.321
obs-en-48-14.jpg,66_Re_21_02_RG.jpg,66_Re_21_02_RG.jpg,0.879,0.9,55_2Ti_02_02_RG.jpg,0.525,0.353
obs-en-49-01.jpg,42_Lk_01_11_RG.jpg,42_Lk_01_11_RG.jpg,0.859,0.9,09_1Sa_18_05_RG.jpg,0.687,0.172
obs-en-49-02.jpg,40_Mt_14_23_RG.jpg,40_Mt_14_23_RG.jpg 41_Mk_06_24_RG.jpg 43_Jn_06_14_RG.jpg,0.839,0.9,41_Mk_16_08_RG.jpg,0.437,0.402
obs-en-49-03.jpg,42_Lk_10_09_RG.jpg,42_Lk_10_09_RG.jpg,0.913,1,40_Mt_21_01_RG.jpg,0.582,0.331
obs-en-49-04.jpg,40_Mt_19_05_RG.jpg,40_Mt_19_05_RG.jpg 41_Mk_10_05_RG.jpg 42_Lk_18_11_RG.jpg,0.869,1,40_Mt_19_02_RG.jpg,0.551,0.319
obs-en-49-05.jpg,40_Mt_13_18_RG.jpg,40_Mt_13_18_RG.jpg,0.971,1,18_Jb_01_06_RG.jpg,0.699,0.272
obs-en-49-06.jpg,40_Mt_13_01_RG.jpg,40_Mt_13_01_RG.jpg 41_Mk_04_01_RG.jpg 42_Lk_08_01_RG.jpg,0.933,1,01_Ge_01_04_RG.jpg,0.697,0.236
obs-en-49-07.jpg,42_Lk_15_06_RG.jpg,42_Lk_15_06_RG.jpg,0.961,1,41_Mk_12_16_RG.jpg,0.71,0.251
obs-en-49-08.jpg,66_Re_21_01_RG.jpg,66_Re_21_01_RG.jpg,0.897,1,09_1Sa_20_09_RG.jpg,0.69,0.206
obs-en-49-09.jpg,40_Mt_16_11_RG.jpg,40_Mt_16_11_RG.jpg 41_Mk_09_01_RG.jpg 42_Lk_09_22_RG.jpg,0.96,1,02_Ex_32_05_RG.jpg,0.624,0.336
obs-en-49-10.jpg,40_Mt_27_10_RG.jpg,40_Mt_27_10_RG.jpg 41_Mk_15_11_RG.jpg 42_Lk_23_11_RG.jpg 43_Jn_19_06_RG.jpg,0.792,1,41_Mk_12_15_RG.jpg,0.451,0.34
obs-en-49-11.jpg,40_Mt_27_12_RG.jpg,40_Mt_27_12_RG.jpg 41_Mk_15_13_RG.jpg 42_Lk_23_13_RG.jpg 43_Jn_19_08_RG.jpg,0.914,1,07_Ju_15_10_RG.jpg,0.447,0.467
obs-en-49-12.jpg,40_Mt_28_02_RG.jpg,40_Mt_28_02_RG.jpg 41_Mk_16_02_RG.jpg 42_Lk_24_02_RG.jpg 43_Jn_20_02_RG.jpg,0.794,1,07_Ju_04_04_RG.jpg,0.535,0.26
obs-en-49-13.jpg,40_Mt_08_05_RG.jpg,40_Mt_08_05_RG.jpg,0.892,0.9,01_Ge_01_05_RG.jpg,0.672,0.22
obs-en-49-14.jpg,43_Jn_20_05_RG.jpg,43_Jn_20_05_RG.jpg,0.921,1,26_Eze_03_01_RG.jpg,0.504,0.417
obs-en-49-15.jpg,43_Jn_20_06_RG.jpg,43_Jn_20_06_RG.jpg,0.887,1,02_Ex_00_03_RG.jpg,0.487,0.4
obs-en-49-16.jpg,43_Jn_09_10_RG.jpg,43_Jn_09_10_RG.jpg,0.921,1,01_Ge_31_06_RG.jpg,0.582,0.339
obs-en-49-17.jpg,42_Lk_07_07_RG.jpg,42_Lk_07_07_RG.jpg,0.886,1,27_Da_05_08_RG.jpg,0.653,0.232
obs-en-49-18.jpg,44_Ac_09_13_RG.jpg,44_Ac_09_13_RG.jpg,0.869,0.9,01_Ge_41_10_RG.jpg,0.541,0.328
obs-en-50-01.jpg,44_Ac_19_05_RG.jpg,44_Ac_19_05_RG.jpg,0.922,0.9,02_Ex_14_05_RG.jpg,0.695,0.227
obs-en-50-02.jpg,02_Ex_02_10_RG.jpg,02_Ex_02_10_RG.jpg,0.618,0.8,40_Mt_05_09_RG.jpg,0.604,0.014
obs-en-50-03.jpg,40_Mt_13_04_RG.jpg,40_Mt_13_04_RG.jpg 41_Mk_04_04_RG.jpg 42_Lk_08_04_RG.jpg,0.894,1,12_2Ki_15_04_RG.jpg,0.597,0.297
obs-en-50-04.jpg,44_Ac_14_07_RG.jpg,44_Ac_14_07_RG.jpg,0.896,0.9,10_2Sa_12_03_RG.jpg,0.557,0.339
obs-en-50-05.jpg,40_Mt_13_15_RG.jpg,40_Mt_13_15_RG.jpg,0.851,1,01_Ge_07_04_RG.jpg,0.609,0.242
obs-en-50-06.jpg,40_Mt_13_16_RG.jpg,40_Mt_13_16_RG.jpg,0.91,1,42_Lk_07_15_RG.jpg,0.728,0.182
obs-en-50-07.jpg,40_Mt_13_17_RG.jpg,40_Mt_13_17_RG.jpg,0.858,0.9,43_Jn_01_14_RG.jpg,0.647,0.211
obs-en-50-08.jpg,40_Mt_13_20_RG.jpg,40_Mt_13_20_RG.jpg 42_Lk_09_02_RG.jpg,0.773,0.9,40_Mt_27_23_RG.jpg,0.488,0.285
obs-en-50-09.jpg,40_Mt_13_21_RG.jpg,40_Mt_13_21_RG.jpg 42_Lk_09_03_RG.jpg,0.849,1,01_Ge_27_11_RG.jpg,0.566,0.283
obs-en-50-10.jpg,40_Mt_13_22_RG.jpg,40_Mt_13_22_RG.jpg 42_Lk_09_04_RG.jpg,0.909,0.9,07_Ju_04_08_RG.jpg,0.539,0.369
obs-en-50-11.jpg,41_Mk_16_09_RG.jpg,41_Mk_16_09_RG.jpg 42_Lk_24_22_RG.jpg 44_Ac_01_03_RG.jpg,0.918,0.9,01_Ge_01_04_RG.jpg,0.758,0.16
obs-en-50-12.jpg,40_Mt_08_05_RG.jpg,40_Mt_08_05_RG.jpg,0.855,1,01_Ge_01_05_RG.jpg,0.625,0.23
obs-en-50-13.jpg,55_2Ti_04_02_RG.jpg,55_2Ti_04_02_RG.jpg,0.963,1,01_Ge_08_09_RG.jpg,0.592,0.371
obs-en-50-14.jpg,66_Re_21_01_RG.jpg,66_Re_21_01_RG.jpg,0.897,1,09_1Sa_20_09_RG.jpg,0.699,0.198
obs-en-50-15.jpg,66_Re_19_02_RG.jpg,66_Re_19_02_RG.jpg,0.979,0.9,42_Lk_15_10_RG.jpg,0.62,0.36
obs-en-50-16.jpg,66_Re_21_03_RG.jpg,66_Re_21_03_RG.jpg,0.838,0.9,02_Ex_19_12_RG.jpg,0.58,0.258
obs-en-50-17.jpg,66_Re_21_02_RG.jpg,66_Re_21_02_RG.jpg,0.879,0.9,55_2Ti_02_02_RG.jpg,0.525,0.353
